# Blender 5.2.1 LTS
# www.blender.org
mtllib Globe.mtl
o Cube
v 1.000000 1.000000 -1.000000
v 1.000000 -1.000000 -1.000000
v 1.000000 1.000000 1.000000
v 1.000000 -1.000000 1.000000
v -1.000000 1.000000 -1.000000
v -1.000000 -1.000000 -1.000000
v -1.000000 1.000000 1.000000
v -1.000000 -1.000000 1.000000
vn -0.0000 1.0000 -0.0000
vn -0.0000 -0.0000 1.0000
vn -1.0000 -0.0000 -0.0000
vn -0.0000 -1.0000 -0.0000
vn 1.0000 -0.0000 -0.0000
vn -0.0000 -0.0000 -1.0000
vt 0.625000 0.500000
vt 0.875000 0.500000
vt 0.875000 0.750000
vt 0.625000 0.750000
vt 0.375000 0.750000
vt 0.625000 1.000000
vt 0.375000 1.000000
vt 0.375000 0.000000
vt 0.625000 0.000000
vt 0.625000 0.250000
vt 0.375000 0.250000
vt 0.125000 0.500000
vt 0.375000 0.500000
vt 0.125000 0.750000
s 0
usemtl Material
f 1/1/1 5/2/1 7/3/1 3/4/1
f 4/5/2 3/4/2 7/6/2 8/7/2
f 8/8/3 7/9/3 5/10/3 6/11/3
f 6/12/4 2/13/4 4/5/4 8/14/4
f 2/13/5 1/1/5 3/4/5 4/5/5
f 6/11/6 5/10/6 1/1/6 2/13/6
o Globe
v 1.128279 38.715530 -5.515559
v 0.685847 16.278070 -14.247931
v 0.685847 30.481068 -13.612134
v 0.685847 12.190062 -11.548532
v 0.685847 34.349827 -10.466490
v 0.685847 9.136296 -7.717988
v 0.685847 7.415679 -3.130903
v 0.685847 7.260818 1.911564
v 0.685847 21.000154 -15.551947
v 0.685847 25.894087 -15.332935
v 0.694849 15.898261 -15.083759
v 0.694849 30.935261 -14.409688
v 0.694849 11.570560 -12.226074
v 0.694849 35.073788 -10.987164
v 0.694849 8.337738 -8.170945
v 0.694849 6.516157 -3.313191
v 0.694849 6.395858 2.113817
v 0.694849 20.897219 -16.464233
v 0.694849 26.078100 -16.232376
v 1.098188 11.567001 -12.229967
v 1.098188 8.375585 8.853986
v 0.009990 8.840743 7.761406
v 1.128279 8.261038 -8.214440
v 1.098188 7.222873 5.373705
v 0.685847 7.114746 -0.691440
v 1.128279 7.141735 5.392400
v 1.098188 11.431262 -12.378424
v 1.098345 7.026005 5.419061
v 0.685847 8.096634 -5.491912
v 0.005032 37.487804 -5.816001
v 0.685847 7.920890 4.763121
v 1.098188 33.224270 -13.108212
v 0.694849 8.378248 8.847688
v 1.098501 8.184472 8.916704
v 2.037976 1.777111 -6.048240
v 1.098188 18.288809 -16.168444
v 1.098188 15.812862 -15.271693
v 1.128279 9.726624 -10.379900
v 0.694849 9.795572 -10.324937
v 1.128279 11.511058 -12.291155
v 1.098188 20.874073 -16.669367
v 1.128279 7.154558 -5.845303
v -0.242177 4.377959 1.325844
v 0.694849 7.237117 -5.814337
v -5.072187 0.010119 -5.055359
v -5.106115 0.209640 -5.089281
v 5.003901 1.777112 5.020735
v 5.502029 1.579792 -4.833996
v -1.650129 0.010120 7.715943
v 1.309013 4.377959 -0.225347
v 3.988088 1.579791 -6.001187
v 1.098188 18.342354 -15.974565
v 1.128279 13.574075 -13.897730
v 1.128279 15.861782 -15.164041
v 0.694849 6.197350 -0.725564
v 0.685847 10.513384 -9.752681
v 1.098188 20.896627 -16.469463
v 0.685847 14.128505 -13.058091
v 0.685847 18.588116 -15.084596
v 1.098188 38.653240 -5.453513
v 0.685847 23.455685 -15.633813
v 1.098188 23.496964 -16.556162
v 0.685847 28.254738 -14.651992
v 0.685847 32.516529 -12.234438
v 0.685847 35.969688 -8.255905
v 1.098188 26.079157 -16.237539
v 0.694849 36.896622 -8.386146
v 1.098188 5.991022 -0.732137
v 1.128279 18.320284 -16.054474
v 1.128279 20.887333 -16.551847
v 1.098188 28.579016 -15.516451
v 1.098188 30.937868 -14.414279
v 1.098188 33.097050 -12.952401
v 1.098188 13.619753 -13.828554
v 1.098227 6.190112 2.138747
v -0.003971 28.577164 -15.511508
v 1.098188 31.037573 -14.588882
v 1.461148 4.377959 0.342433
v 1.098188 15.896082 -15.088558
v 0.694849 33.093735 -12.948292
v 1.098188 6.313889 -3.353902
v 1.098188 7.043851 -5.886832
v -1.569108 1.579792 7.413571
v 1.128279 6.308139 2.124771
v 1.098188 8.158179 -8.272795
v 1.098188 9.634171 -10.453607
v 0.706392 38.646587 -5.471970
v 1.128279 23.500669 -16.638990
v 1.128279 26.095776 -16.318758
v 1.128279 6.109223 -0.728399
v 1.098188 35.077946 -10.990158
v 1.128279 28.608131 -15.594069
v 1.128279 30.978960 -14.486244
v 1.128279 33.149483 -13.016603
v 1.128279 35.139599 -11.046187
v 0.694849 28.577164 -15.511508
v -0.437400 6.429761 -3.330581
v 1.128279 6.429761 -3.330581
v 1.128279 36.969223 -8.435936
v 1.309013 4.377959 0.910203
v 7.396736 1.579792 2.237137
v 1.098188 13.508919 -13.996408
v 1.098188 28.649662 -15.704768
v 1.098188 36.901947 -8.386897
v 0.680889 8.840743 7.761406
v 0.694849 23.496727 -16.550898
v -0.437400 36.969223 -8.435936
v 1.098267 37.065182 -8.505862
v 1.098208 35.227543 -11.126092
v 0.694849 18.343756 -15.969478
v -0.407310 13.508919 -13.996408
v -0.407310 28.649662 -15.704768
v -0.407310 36.901947 -8.386897
v 1.098188 23.505955 -16.757118
v 1.098188 26.119476 -16.434622
v 1.128279 8.283821 8.851698
v 0.893373 4.377959 1.325844
v -0.003971 23.496727 -16.550898
v 1.098346 38.825787 -5.556902
v 1.098188 6.192085 -0.725763
v 1.098188 6.510994 -3.314238
v 0.694849 13.622659 -13.824158
v 1.098188 6.390896 2.114981
v 1.098188 7.232175 -5.816185
v 6.669218 1.579792 4.004923
v 0.325598 4.377959 1.477984
v -0.407388 37.065182 -8.505862
v -0.407329 35.227543 -11.126092
v 0.685847 37.487804 -5.816001
v -3.336892 1.579792 6.686051
v 0.694849 7.226855 5.370223
v 1.098188 8.333153 -8.173539
v 1.098188 9.791450 -10.328216
v -0.003971 18.343756 -15.969478
v -0.407310 30.937868 -14.414279
v -0.407310 23.505955 -16.757118
v -0.407349 6.190112 2.138747
v -0.407310 31.037573 -14.588882
v -0.407310 6.313889 -3.353902
v -0.407310 7.043851 -5.886832
v -0.407310 8.158179 -8.272795
v -0.407310 9.634171 -10.453607
v -0.407310 13.619753 -13.828554
v -0.407310 15.896082 -15.088558
v -0.003971 33.093735 -12.948292
v -0.437400 6.308139 2.124771
v -0.015514 38.646587 -5.471970
v -0.437400 23.500669 -16.638990
v -0.437400 26.095776 -16.318758
v -0.437400 6.109223 -0.728399
v -0.407310 35.077946 -10.990158
v -0.437400 28.608131 -15.594069
v -0.437400 30.978960 -14.486244
v -0.437400 33.149483 -13.016603
v -0.437400 35.139599 -11.046187
v -0.407310 33.097050 -12.952401
v -0.407310 26.119476 -16.434622
v -0.437400 8.283821 8.851698
v -0.407467 38.825787 -5.556902
v -0.407310 6.192085 -0.725763
v -0.407310 6.510994 -3.314238
v -0.003971 13.622659 -13.824158
v -0.407310 6.390896 2.114981
v -0.407310 7.232175 -5.816185
v -0.003971 7.226855 5.370223
v -0.407310 8.333153 -8.173539
v 0.799916 36.864132 -6.326546
v 0.578295 35.841423 -6.074582
v 0.799916 36.671597 -6.660029
v 0.527627 36.535454 -6.895840
v 0.087213 36.578930 -6.265511
v 0.232416 36.651527 -6.139758
v 0.232416 36.403656 -6.569090
v 0.087213 36.476257 -6.443350
v -0.134272 37.868065 -7.003737
v 0.140674 38.005535 -6.765625
v -0.134272 37.673649 -7.340474
v 0.804452 37.868065 -7.003737
v 0.435829 36.013393 -5.776729
v -0.129737 36.671597 -6.660029
v 0.578295 35.942158 -5.900110
v 0.091885 35.942158 -5.900110
v 0.142553 36.535454 -6.895840
v -0.129737 36.864132 -6.326546
v 0.437764 36.651527 -6.139758
v 0.234351 36.013393 -5.776729
v 0.582967 36.476257 -6.443350
v 0.435829 35.770191 -6.197973
v 0.140674 37.536175 -7.578587
v 0.804452 37.673649 -7.340474
v 0.527627 37.000275 -6.090738
v 0.234351 35.770191 -6.197973
v 0.582967 36.578930 -6.265511
v 0.142553 37.000275 -6.090738
v 0.437764 36.403656 -6.569090
v 0.091885 35.841423 -6.074582
v 0.529506 38.005535 -6.765625
v 0.529506 37.536175 -7.578587
v 0.325598 6.134395 1.046119
v 0.677441 6.134395 0.951838
v 0.935007 6.134395 0.694277
v 1.029283 6.134395 0.342433
v 0.935007 6.134395 -0.009411
v 0.677441 6.134395 -0.266982
v 0.325598 6.134395 -0.361255
v -0.026245 6.134395 -0.266982
v -0.283812 6.134395 -0.009411
v -0.378088 6.134395 0.342433
v -0.283812 6.134395 0.694277
v -0.026245 6.134395 0.951838
v 1.232835 4.280445 -0.181358
v 1.373186 4.280445 0.342433
v 0.849392 4.280445 -0.564802
v 1.232835 4.280445 0.866234
v 0.325598 4.280445 -0.705155
v 0.849392 4.280445 1.249667
v -0.198196 4.280445 -0.564802
v 0.325598 4.280445 1.390017
v -0.581640 4.280445 -0.181358
v -0.198196 4.280445 1.249667
v -0.721990 4.280445 0.342433
v -0.581640 4.280445 0.866234
v 1.451591 3.851630 -0.307663
v 1.625783 3.851630 0.342433
v 0.975690 3.851630 -0.783565
v 1.451591 3.851630 0.992527
v 0.325598 3.851630 -0.957754
v 0.975690 3.851630 1.468430
v -0.324495 3.851630 -0.783565
v 0.325598 3.851631 1.642624
v -0.800395 3.851630 -0.307663
v -0.324495 3.851630 1.468430
v -0.974587 3.851630 0.342433
v -0.800395 3.851630 0.992527
v 1.850138 2.112016 1.222623
v 0.325598 2.112016 -1.417956
v 0.325598 2.704747 -1.004600
v 5.630456 1.476032 5.647293
v -0.554596 2.112016 -1.182103
v 1.205791 2.112016 -1.182103
v 0.999113 2.704747 1.508991
v -1.434789 2.112016 0.342433
v -0.347917 2.704747 -0.824130
v 2.085985 2.112016 0.342433
v 6.532197 2.005159 -1.320613
v 2.301325 0.010119 -7.031079
v -7.044470 1.300233 -1.632372
v 2.313743 0.209640 -7.077433
v -1.337456 2.005159 6.549031
v 6.755004 2.005159 0.342433
v -1.198942 2.112016 1.222623
v -4.979260 1.476031 -4.962421
v -1.337456 2.005158 -5.864168
v -0.554596 2.112016 1.866979
v 1.850138 2.112016 -0.537764
v 0.325598 2.112016 2.102816
v -5.069667 1.300234 5.737699
v 1.205791 2.112016 1.866979
v 0.325598 3.170685 -0.803418
v -7.094264 0.209641 -1.645713
v 0.325598 3.035473 -0.936133
v 6.058769 1.777112 3.652478
v 6.945694 1.777112 0.342433
v 6.058769 1.777112 -2.967604
v 3.635645 1.777112 -5.390741
v 0.325598 1.777111 -6.277655
v -2.984450 1.777112 -5.390741
v -5.407573 1.777112 -2.967604
v -6.294497 1.777112 0.342433
v -5.407573 1.777112 3.652478
v -2.984451 1.777112 6.075604
v 0.325598 1.777112 6.962526
v 3.635645 1.777112 6.075604
v 1.410414 2.867498 -0.283882
v 1.578236 2.867498 0.342433
v 0.951917 2.867498 -0.742387
v 1.410414 2.867498 0.968751
v 0.325598 2.867498 -0.910204
v 0.951917 2.867498 1.427239
v -0.300721 2.867498 -0.742387
v 0.325598 2.867498 1.595072
v -0.759219 2.867498 -0.283882
v -0.300721 2.867498 1.427239
v -0.927040 2.867498 0.342433
v -0.759219 2.867498 0.968751
v 1.317936 3.170685 -0.230495
v 1.471451 3.170685 0.342433
v 0.898525 3.170685 -0.649906
v 1.317936 3.170685 0.915359
v -0.657817 4.377959 0.910203
v 1.509590 2.791400 -0.341146
v 1.692754 2.791400 0.342433
v 1.009176 2.791400 -0.841561
v 1.509590 2.791400 1.026010
v 0.325598 2.791400 -1.024720
v 1.009176 2.791400 1.526425
v -0.357980 2.791400 -0.841561
v 0.325598 2.791400 1.709598
v -0.858395 2.791400 -0.341146
v -0.357980 2.791400 1.526425
v -1.041559 2.791400 0.342433
v -0.858395 2.791400 1.026010
v -1.021432 2.704747 0.342433
v -0.657817 4.377959 -0.225347
v -0.840964 2.704747 1.015941
v 2.220304 1.579791 -6.728702
v -0.242177 4.377959 -0.640981
v 0.325598 1.579791 -6.982547
v 7.572169 1.476031 -1.599280
v 1.415853 4.004719 -0.287027
v 1.584516 4.004719 0.342433
v 0.955057 4.004719 -0.747832
v 1.415853 4.004719 0.971886
v 1.757464 2.363100 -0.484255
v 1.978974 2.363100 0.342433
v 1.152286 2.363100 -1.089431
v 1.757464 2.363100 1.169122
v 0.325598 2.363100 -1.310939
v 1.152286 2.363100 1.774296
v -0.501090 2.363100 -1.089431
v 0.325598 2.363100 1.995806
v -1.106268 2.363100 -0.484255
v -0.501090 2.363100 1.774296
v -1.327778 2.363100 0.342433
v -1.106268 2.363100 1.169122
v 0.325598 4.004719 -0.916489
v -6.745540 1.579792 -1.552280
v -6.999383 1.579792 0.342433
v 0.955057 4.004719 1.432685
v 0.325598 4.377959 -0.793117
v -4.850835 1.579792 5.518869
v -6.018020 1.579792 4.004923
v 0.893373 4.377959 -0.640981
v -6.745540 1.579792 2.237137
v 5.003901 1.777112 -4.335866
v -0.303861 4.004719 -0.747832
v 0.325598 4.004719 1.601360
v -0.952970 3.035473 0.342433
v 7.699111 0.010120 -1.633290
v -0.764657 4.004719 -0.287027
v 7.745458 0.209641 -1.645713
v -0.303861 4.004719 1.432685
v -0.933321 4.004719 0.342433
v 5.723384 0.010119 -5.055359
v 5.757312 0.209640 -5.089281
v -0.764657 4.004719 0.971886
v 7.699111 0.010120 2.318156
v -0.781675 3.035473 0.981716
v 5.630456 1.476031 -4.962421
v -5.106115 0.209641 5.774151
v -4.352705 1.777112 -4.335866
v -5.881002 2.005159 2.005483
v -6.103809 2.005159 0.342433
v -5.881002 2.005159 -1.320613
v -5.242431 2.005158 -2.872265
v 0.325598 2.704747 1.689466
v -4.217948 2.005158 -4.201117
v -2.889106 2.005158 -5.225597
v 2.037976 1.777112 6.733116
v 2.300402 1.300233 -7.027639
v 1.492160 2.704747 1.015941
v -0.820256 3.170685 0.342433
v -1.649206 1.300233 -7.027639
v -0.840964 2.704747 -0.331079
v -5.069667 1.300233 -5.052828
v 5.720864 1.300233 -5.052828
v 5.723384 0.010120 5.740219
v -1.616115 1.476032 7.589004
v -7.044470 1.300233 2.317234
v -0.666740 3.170685 0.915359
v -1.386780 1.777111 -6.048240
v 5.757312 0.209641 5.774151
v -6.920974 1.476031 -1.599280
v -1.649206 1.300234 7.712505
v 2.300402 1.300234 7.712505
v -0.313686 3.035473 1.449705
v 1.432870 3.035473 -0.296846
v 5.720864 1.300234 5.737699
v -0.347917 2.704747 1.508991
v 0.898525 3.170685 1.334772
v -0.247329 3.170685 -0.649906
v 7.695665 1.300233 -1.632372
v 0.325598 3.170685 1.488282
v -2.889106 2.005159 5.910461
v 1.604166 3.035473 0.342433
v -0.247329 3.170685 1.334772
v -1.616115 1.476031 -6.904138
v 7.572169 1.476032 2.284141
v 2.267311 1.476032 7.589004
v 0.964882 3.035473 1.449705
v 0.964882 3.035473 -0.764835
v -0.313686 3.035473 -0.764835
v 0.325598 2.005158 -6.086970
v -7.047914 0.010120 2.318156
v 0.325598 3.035474 1.620998
v -1.198942 2.112016 -0.537764
v -0.781675 3.035473 -0.296846
v 1.988652 2.005158 -5.864168
v 3.540301 2.005158 -5.225597
v 4.869145 2.005158 -4.201117
v -7.094264 0.209641 2.330580
v -6.920974 1.476032 2.284141
v -1.650129 0.010119 -7.031079
v 7.695665 1.300233 2.317234
v -4.217948 2.005159 4.885978
v -1.386780 1.777112 6.733116
v -1.662547 0.209641 7.762292
v -6.065083 1.777112 -1.369944
v 5.893628 2.005158 -2.872265
v 2.267311 1.476031 -6.904138
v 6.532197 2.005159 2.005483
v 5.893628 2.005159 3.557135
v -5.072187 0.010120 5.740219
v 4.869145 2.005159 4.885978
v 3.540301 2.005159 5.910461
v 7.745458 0.209641 2.330580
v 1.988652 2.005159 6.549031
v 0.325598 2.005159 6.771832
v 5.502029 1.579792 5.518869
v 2.220304 1.579792 7.413571
v 3.988088 1.579792 6.686051
v -0.809953 4.377959 0.342433
v 0.325598 1.579792 7.667411
v -1.569108 1.579791 -6.728702
v -4.352705 1.777112 5.020735
v -3.336892 1.579791 -6.001187
v -7.047914 0.010120 -1.633290
v -4.979260 1.476032 5.647293
v 6.937393 1.300233 -3.474885
v 7.960241 1.300233 0.342433
v 4.142920 1.300233 -6.269362
v 6.937393 1.300233 4.159752
v 0.325598 1.300233 -7.292214
v 4.142920 1.300234 6.954226
v -3.491723 1.300233 -6.269362
v 0.325598 1.300234 7.977069
v -6.286197 1.300233 -3.474885
v -3.491723 1.300234 6.954226
v -7.309045 1.300233 0.342433
v -6.286196 1.300233 4.159752
v 6.940482 0.010119 -3.476672
v 7.963807 0.010104 0.342434
v 4.144702 0.010119 -6.272451
v 6.940482 0.010104 4.161537
v 0.325598 0.010119 -7.295766
v 4.144702 0.010104 6.957317
v -3.493507 0.010119 -6.272451
v 0.325598 0.010104 7.980642
v -6.289286 0.010119 -3.476672
v -3.493507 0.010104 6.957317
v -7.312612 0.010120 0.342434
v -6.289286 0.010104 4.161537
v 0.325598 0.000000 0.342434
v -0.666740 3.170685 -0.230495
v -1.662547 0.209640 -7.077433
v 2.301325 0.010120 7.715943
v 6.716279 1.777112 -1.369944
v 2.313743 0.209641 7.762292
v -6.330864 0.209641 -3.500675
v -7.360621 0.209641 0.342434
v -6.330865 0.209641 4.185539
v -3.517513 0.209641 6.998899
v 0.325598 0.209641 8.028651
v 4.168709 0.209641 6.998899
v 6.982061 0.209641 4.185539
v 8.011820 0.209641 0.342434
v 6.982061 0.209641 -3.500675
v 4.168709 0.209640 -6.314028
v 0.325598 0.209640 -7.343789
v -3.517513 0.209640 -6.314028
v -6.065083 1.777112 2.054814
v 7.396736 1.579792 -1.552280
v -4.850835 1.579792 -4.833996
v 6.669218 1.579792 -3.320056
v 1.492160 2.704747 -0.331079
v -6.018020 1.579792 -3.320056
v 1.672628 2.704747 0.342433
v 7.650578 1.579792 0.342433
v 0.999113 2.704747 -0.824130
v -5.242431 2.005159 3.557135
v 0.325598 1.476031 -7.164271
v 4.078954 1.476031 -6.158567
v 6.826601 1.476031 -3.410931
v 7.832311 1.476031 0.342433
v 6.826601 1.476032 4.095790
v 4.078954 1.476032 6.843432
v 0.325598 1.476032 7.849140
v -3.427758 1.476032 6.843432
v -6.175405 1.476032 4.095790
v -7.181113 1.476031 0.342433
v -6.175405 1.476031 -3.410923
v -3.427758 1.476031 -6.158567
v 6.716279 1.777112 2.054814
v 1.432870 3.035473 0.981716
v -0.437400 38.715530 -5.515559
v 0.005032 16.278070 -14.247931
v 0.005032 30.481068 -13.612134
v 0.005032 12.190062 -11.548532
v 0.005032 34.349827 -10.466490
v 0.005032 9.136296 -7.717988
v 0.005032 7.415679 -3.130903
v 0.005032 7.260818 1.911564
v 0.005032 21.000154 -15.551947
v 0.005032 25.894087 -15.332935
v -0.003971 15.898261 -15.083759
v -0.003971 30.935261 -14.409688
v -0.003971 11.570560 -12.226074
v -0.003971 35.073788 -10.987164
v -0.003971 8.337738 -8.170945
v -0.003971 6.516157 -3.313191
v -0.003971 6.395858 2.113817
v -0.003971 20.897219 -16.464233
v -0.003971 26.078100 -16.232376
v -0.407310 11.567001 -12.229967
v -0.407310 8.375585 8.853986
v -0.437400 8.261038 -8.214440
v -0.407310 7.222873 5.373705
v 0.005032 7.114746 -0.691440
v -0.437400 7.141735 5.392400
v -0.407310 11.431262 -12.378424
v -0.407466 7.026005 5.419061
v 0.005032 8.096634 -5.491912
v -0.407310 9.791450 -10.328216
v 0.005032 7.920890 4.763121
v -0.407310 33.224270 -13.108212
v -0.003971 8.378248 8.847688
v -0.407622 8.184472 8.916704
v -0.407310 18.288809 -16.168444
v -0.407310 15.812862 -15.271693
v -0.437400 9.726624 -10.379900
v -0.003971 9.795572 -10.324937
v -0.437400 11.511058 -12.291155
v -0.407310 20.874073 -16.669367
v -0.437400 7.154558 -5.845303
v -0.003971 7.237117 -5.814337
v -0.407310 18.342354 -15.974565
v -0.437400 13.574075 -13.897730
v -0.437400 15.861782 -15.164041
v -0.003971 6.197350 -0.725564
v 0.005032 10.513384 -9.752681
v -0.407310 20.896627 -16.469463
v 0.005032 14.128505 -13.058091
v 0.005032 18.588116 -15.084596
v -0.407310 38.653240 -5.453513
v 0.005032 23.455685 -15.633813
v -0.407310 23.496964 -16.556162
v 0.005032 28.254738 -14.651992
v 0.005032 32.516529 -12.234438
v 0.005032 35.969688 -8.255905
v -0.407310 26.079157 -16.237539
v -0.003971 36.896622 -8.386146
v -0.407310 5.991022 -0.732137
v -0.437400 18.320284 -16.054474
v -0.437400 20.887333 -16.551847
v -0.407310 28.579016 -15.516451
v 0.799916 8.626753 6.168655
v 0.578295 9.679536 6.135886
v 0.799916 8.745380 6.534999
v 0.527627 8.829263 6.794048
v 0.087213 8.918415 6.168541
v 0.232416 8.873685 6.030398
v 0.232416 9.026409 6.502038
v 0.087213 8.981675 6.363906
v -0.134272 7.503514 6.621191
v 0.140674 7.418808 6.359614
v -0.134272 7.623293 6.991110
v 0.804452 7.503514 6.621191
v 0.435829 9.573578 5.808678
v -0.129737 8.745380 6.534999
v 0.578295 9.617469 5.944216
v 0.091885 9.617469 5.944216
v 0.142553 8.829263 6.794048
v -0.129737 8.626753 6.168655
v 0.437764 8.873685 6.030398
v 0.234351 9.573578 5.808678
v 0.582967 8.981675 6.363906
v 0.435829 9.723422 6.271435
v 0.140674 7.707991 7.252686
v 0.804452 7.623293 6.991110
v 0.527627 8.542874 5.909607
v 0.234351 9.723422 6.271435
v 0.582967 8.918415 6.168541
v 0.142553 8.542874 5.909607
v 0.437764 9.026409 6.502038
v 0.091885 9.679536 6.135886
v 0.529506 7.418808 6.359614
v 0.529506 7.707991 7.252686
vn -0.9239 -0.1973 -0.3280
vn -0.8646 -0.4844 -0.1338
vn -0.3581 -0.7377 -0.5724
vn -0.3827 -0.4679 -0.7966
vn -0.3820 -0.5213 -0.7631
vn -0.3539 -0.7573 -0.5489
vn -0.8606 -0.4933 -0.1266
vn -0.9235 -0.2183 -0.3153
vn -0.3581 0.1271 0.9250
vn -0.3626 0.1599 0.9181
vn -0.8693 -0.1133 0.4811
vn -0.8646 -0.1262 0.4864
vn 0.3539 -0.7573 -0.5489
vn 0.3581 -0.7377 -0.5724
vn 0.3827 -0.4679 -0.7966
vn 0.8646 -0.4844 -0.1338
vn 0.9239 -0.1973 -0.3280
vn 0.3581 0.1271 0.9250
vn 0.3626 0.1599 0.9181
vn 0.9239 0.1854 0.3348
vn 0.8646 -0.1262 0.4864
vn 0.3827 0.4560 0.8035
vn 0.8606 -0.4933 -0.1266
vn 0.8693 -0.1133 0.4811
vn -0.9239 0.1854 0.3348
vn -0.3827 0.4560 0.8035
vn -0.9237 0.2113 0.3195
vn -0.3822 0.5146 0.7676
vn 0.9237 0.2113 0.3195
vn 0.3822 0.5146 0.7676
vn 0.9711 0.2388 -0.0000
vn 0.9689 -0.2474 -0.0000
vn 0.8391 -0.2474 -0.4845
vn 0.8410 0.2388 -0.4855
vn 0.4845 -0.2474 -0.8391
vn 0.8653 -0.0411 -0.4996
vn 0.4996 -0.0411 -0.8653
vn 0.4855 0.2388 -0.8410
vn -0.0000 -0.2474 -0.9689
vn -0.0000 0.2388 -0.9711
vn -0.4845 -0.2474 -0.8391
vn -0.4855 0.2388 -0.8410
vn -0.8391 -0.2474 -0.4845
vn -0.8410 0.2388 -0.4855
vn -0.9689 -0.2474 -0.0000
vn -0.9711 0.2388 -0.0000
vn -0.8391 -0.2474 0.4845
vn -0.8410 0.2388 0.4855
vn 0.9992 -0.0411 -0.0000
vn -0.4845 -0.2474 0.8391
vn -0.4855 0.2388 0.8410
vn -0.0000 -0.2474 0.9689
vn -0.0000 0.2388 0.9711
vn 0.8391 -0.2474 0.4845
vn 0.8653 -0.0411 0.4996
vn 0.4845 -0.2474 0.8391
vn 0.4855 0.2388 0.8410
vn 0.8410 0.2388 0.4855
vn 0.4996 -0.0412 0.8653
vn -0.0000 -0.0411 0.9992
vn -0.0000 -0.0411 -0.9992
vn -0.4996 -0.0411 0.8653
vn -0.8653 -0.0411 0.4996
vn -0.9992 -0.0411 -0.0000
vn -0.8653 -0.0413 -0.4996
vn -0.4996 -0.0411 -0.8653
vn -0.3821 0.8970 -0.2223
vn -0.4421 0.8970 -0.0009
vn -0.8431 0.5377 -0.0000
vn -0.7302 0.5377 -0.4216
vn -0.3833 0.8970 0.2203
vn -0.7302 0.5377 0.4216
vn -0.2218 0.8970 0.3824
vn -0.4216 0.5378 0.7301
vn -0.0009 0.8970 0.4421
vn -0.0000 0.5378 0.8431
vn 0.2203 0.8970 0.3833
vn 0.4216 0.5378 0.7301
vn 0.3824 0.8970 0.2218
vn 0.7301 0.5377 0.4216
vn -0.4839 0.2521 0.8381
vn -0.8381 0.2521 0.4838
vn 0.9677 0.2521 -0.0000
vn 0.8381 0.2521 0.4838
vn 0.8431 0.5377 -0.0000
vn 0.4839 0.2521 0.8381
vn 0.8381 0.2521 -0.4838
vn 0.7302 0.5377 -0.4216
vn 0.4838 0.2521 -0.8381
vn 0.4216 0.5377 -0.7302
vn -0.0000 0.2521 -0.9677
vn -0.0000 0.5377 -0.8431
vn -0.4838 0.2521 -0.8381
vn -0.4216 0.5377 -0.7302
vn -0.0000 0.2521 0.9677
vn -0.8381 0.2521 -0.4838
vn -0.9677 0.2521 -0.0000
vn 0.4421 0.8970 0.0014
vn 0.3833 0.8970 -0.2203
vn 0.2218 0.8970 -0.3824
vn 0.0009 0.8970 -0.4421
vn -0.2203 0.8970 -0.3833
vn 0.1928 0.9227 -0.3339
vn 0.2727 0.9226 -0.2727
vn 0.4716 0.7451 -0.4716
vn 0.3334 0.7453 -0.5774
vn -0.2441 0.3320 -0.9111
vn -0.1726 0.7451 -0.6443
vn -0.0000 0.7453 -0.6668
vn -0.0000 0.3322 -0.9432
vn -0.3334 0.7453 -0.5774
vn -0.4716 0.3322 -0.8168
vn 0.4695 0.8403 -0.2711
vn 0.5238 0.8402 -0.1404
vn 0.3726 0.9226 -0.0998
vn 0.3339 0.9227 -0.1928
vn -0.4695 0.8403 -0.2711
vn -0.5238 0.8402 -0.1404
vn -0.4182 0.9015 -0.1116
vn -0.3748 0.9016 -0.2159
vn -0.4325 0.9016 0.0004
vn -0.5421 0.8403 -0.0000
vn -0.5238 0.8402 0.1403
vn -0.4180 0.9015 0.1124
vn -0.3744 0.9016 0.2166
vn -0.4695 0.8403 0.2711
vn 0.1726 0.7451 -0.6443
vn 0.2441 0.3320 -0.9111
vn 0.4716 0.3322 -0.8168
vn -0.3835 0.8402 0.3835
vn -0.3058 0.9015 0.3063
vn -0.2159 0.9016 0.3748
vn -0.2710 0.8403 0.4695
vn -0.1404 0.8402 0.5238
vn -0.1116 0.9015 0.4182
vn 0.0004 0.9016 0.4325
vn -0.0000 0.8403 0.5421
vn -0.0000 0.7453 0.6668
vn -0.1726 0.7451 0.6443
vn -0.2441 0.3320 0.9111
vn -0.0000 0.3322 0.9432
vn -0.3334 0.7453 0.5774
vn -0.4716 0.3322 0.8168
vn 0.1404 0.8402 0.5238
vn 0.1124 0.9015 0.4180
vn 0.2166 0.9016 0.3744
vn 0.2711 0.8403 0.4695
vn 0.3835 0.8402 0.3835
vn 0.3063 0.9015 0.3058
vn 0.3748 0.9016 0.2159
vn 0.4695 0.8403 0.2711
vn -0.0000 0.8403 -0.5421
vn 0.1404 0.8402 -0.5239
vn 0.0998 0.9226 -0.3726
vn -0.0000 0.9227 -0.3855
vn 0.2711 0.8403 -0.4695
vn 0.5238 0.8402 0.1404
vn 0.4182 0.9015 0.1116
vn 0.4325 0.9016 -0.0004
vn 0.5421 0.8403 -0.0000
vn 0.4180 0.9015 -0.1124
vn 0.3744 0.9016 -0.2166
vn 0.3835 0.8402 -0.3835
vn 0.3058 0.9015 -0.3063
vn 0.2159 0.9016 -0.3748
vn 0.1116 0.9015 -0.4182
vn -0.0004 0.9016 -0.4325
vn 0.6670 0.3320 -0.6670
vn 0.5774 0.7453 -0.3334
vn 0.8168 0.3322 -0.4716
vn -0.1404 0.8402 -0.5239
vn -0.1124 0.9015 -0.4180
vn -0.2166 0.9016 -0.3744
vn -0.2711 0.8403 -0.4695
vn -0.3835 0.8402 -0.3835
vn -0.3063 0.9015 -0.3058
vn -0.4716 0.7451 0.4716
vn -0.6670 0.3320 0.6670
vn -0.5774 0.7453 0.3334
vn -0.8168 0.3322 0.4716
vn 0.3855 0.9227 -0.0000
vn 0.6670 0.3320 0.6670
vn 0.7040 -0.0942 0.7040
vn 0.8622 -0.0941 0.4978
vn 0.8168 0.3322 0.4716
vn -0.0000 -0.0940 -0.9956
vn 0.2577 -0.0941 -0.9616
vn 0.1597 -0.7869 -0.5960
vn -0.0000 -0.7871 -0.6168
vn 0.4978 -0.0940 -0.8622
vn 0.3084 -0.7871 -0.5342
vn 0.3339 0.9227 0.1928
vn 0.3726 0.9226 0.0998
vn -0.1928 0.9227 -0.3339
vn -0.0998 0.9226 -0.3726
vn -0.8622 -0.0943 0.4978
vn -0.9616 -0.0942 0.2577
vn -0.5960 -0.7869 0.1597
vn -0.5342 -0.7871 0.3084
vn -0.9955 -0.0943 -0.0000
vn -0.6168 -0.7871 -0.0000
vn 0.6443 0.7451 -0.1726
vn 0.1928 0.9227 0.3339
vn 0.0998 0.9226 0.3726
vn 0.1726 0.7451 0.6443
vn 0.3334 0.7453 0.5774
vn 0.6668 0.7453 -0.0000
vn -0.0000 0.9227 0.3855
vn 0.4363 -0.7869 -0.4363
vn 0.7040 -0.0944 -0.7040
vn 0.8622 -0.0939 -0.4978
vn 0.5342 -0.7871 -0.3084
vn 0.2441 0.3320 0.9111
vn 0.1597 -0.7869 0.5960
vn 0.2577 -0.0943 0.9616
vn -0.0000 -0.0942 0.9956
vn -0.0000 -0.7871 0.6168
vn 0.6443 0.7451 0.1726
vn 0.5774 0.7453 0.3334
vn -0.3339 0.9227 -0.1928
vn -0.2727 0.9226 -0.2727
vn -0.4716 0.7451 -0.4716
vn -0.5774 0.7453 -0.3334
vn 0.4978 -0.0944 0.8622
vn 0.4716 0.3322 0.8168
vn 0.9111 0.3320 0.2441
vn 0.9432 0.3322 -0.0000
vn -0.6668 0.7453 -0.0000
vn -0.6443 0.7451 -0.1726
vn -0.9111 0.3320 -0.2441
vn -0.9432 0.3322 -0.0000
vn -0.8168 0.3322 -0.4716
vn 0.4716 0.7451 0.4716
vn -0.6670 0.3320 -0.6670
vn 0.5960 -0.7869 -0.1597
vn 0.9616 -0.0940 -0.2577
vn 0.9955 -0.0943 -0.0000
vn 0.6168 -0.7871 -0.0000
vn -0.2577 -0.0943 0.9616
vn -0.4978 -0.0943 0.8622
vn -0.3855 0.9227 -0.0000
vn -0.3726 0.9226 -0.0998
vn -0.7040 -0.0939 0.7040
vn -0.9616 -0.0942 -0.2577
vn -0.5960 -0.7869 -0.1597
vn -0.9111 0.3320 0.2441
vn -0.1928 0.9227 0.3339
vn -0.2727 0.9226 0.2727
vn -0.3339 0.9227 0.1928
vn -0.8622 -0.0942 -0.4978
vn -0.5342 -0.7871 -0.3084
vn -0.7040 -0.0943 -0.7040
vn -0.4978 -0.0943 -0.8622
vn -0.3726 0.9226 0.0998
vn -0.6443 0.7451 0.1726
vn 0.9616 -0.0942 0.2577
vn 0.5960 -0.7869 0.1597
vn -0.2577 -0.0945 -0.9616
vn -0.0998 0.9226 0.3726
vn -0.4363 -0.7869 0.4363
vn -0.3084 -0.7871 0.5342
vn -0.1597 -0.7869 0.5960
vn 0.4363 -0.7869 0.4363
vn 0.5342 -0.7871 0.3084
vn 0.9111 0.3320 -0.2441
vn 0.3084 -0.7871 0.5342
vn -0.1597 -0.7869 -0.5960
vn -0.3084 -0.7871 -0.5342
vn 0.2727 0.9226 0.2727
vn -0.4363 -0.7869 -0.4363
vn 0.9119 0.4105 -0.0000
vn 0.7897 0.4105 0.4559
vn 0.8024 0.3762 0.4633
vn 0.9265 0.3762 -0.0000
vn 0.4559 0.4105 0.7897
vn 0.4633 0.3762 0.8024
vn -0.4559 0.4105 -0.7897
vn -0.0000 0.4105 -0.9119
vn -0.0000 0.3762 -0.9265
vn -0.4633 0.3762 -0.8024
vn -0.0000 0.4104 0.9119
vn -0.0000 0.3762 0.9266
vn -0.7897 0.4105 -0.4559
vn -0.8024 0.3762 -0.4633
vn -0.9119 0.4105 -0.0000
vn -0.9265 0.3762 -0.0000
vn 0.8024 0.3762 -0.4633
vn 0.4633 0.3762 -0.8024
vn 0.4559 0.4105 -0.7897
vn 0.7897 0.4105 -0.4559
vn -0.4559 0.4105 0.7897
vn -0.4633 0.3762 0.8024
vn -0.7897 0.4105 0.4559
vn -0.8024 0.3762 0.4633
vn 0.8658 0.0203 0.4999
vn 0.4999 0.0201 0.8658
vn 0.4804 0.2770 0.8321
vn 0.8321 0.2770 0.4804
vn -0.0000 0.0203 0.9998
vn -0.0000 0.2770 0.9609
vn 0.8659 0.0201 -0.4999
vn 0.9998 0.0200 -0.0000
vn 0.9609 0.2770 -0.0000
vn 0.8321 0.2770 -0.4804
vn -0.4999 0.0203 0.8658
vn -0.4804 0.2770 0.8321
vn -0.8658 0.0202 0.4999
vn -0.8321 0.2770 0.4804
vn -0.9998 0.0200 -0.0000
vn -0.9609 0.2770 -0.0000
vn -0.8658 0.0203 -0.4999
vn -0.8321 0.2770 -0.4804
vn -0.4999 0.0201 -0.8659
vn -0.4804 0.2770 -0.8321
vn -0.0000 0.0199 -0.9998
vn -0.0000 0.2770 -0.9609
vn 0.4999 0.0201 -0.8659
vn 0.4804 0.2770 -0.8321
vn 0.8962 0.4436 -0.0000
vn 0.7761 0.4436 -0.4481
vn 0.4481 0.4436 -0.7761
vn 0.7761 0.4436 0.4481
vn -0.0000 0.4436 -0.8962
vn 0.4481 0.4436 0.7761
vn -0.4481 0.4436 -0.7761
vn -0.0000 0.4436 0.8962
vn -0.7761 0.4436 -0.4481
vn -0.4481 0.4436 0.7761
vn -0.8962 0.4436 -0.0000
vn -0.7761 0.4436 0.4481
vn -0.0000 -1.0000 -0.0000
vn 0.9507 0.3103 -0.0000
vn 0.8233 0.3103 -0.4753
vn 0.4753 0.3103 -0.8233
vn 0.8233 0.3103 0.4753
vn -0.0000 0.3103 -0.9506
vn 0.4753 0.3103 0.8233
vn -0.4753 0.3103 -0.8233
vn -0.0000 0.3103 0.9507
vn -0.8233 0.3103 -0.4753
vn -0.4753 0.3103 0.8233
vn -0.9507 0.3103 -0.0000
vn -0.8233 0.3103 0.4753
vn -0.9988 0.0463 0.0174
vn -0.6146 -0.7386 -0.2770
vn -0.6146 -0.7729 -0.1580
vn -0.9988 0.0484 0.0099
vn -0.9988 0.0132 0.0477
vn -0.6146 -0.2100 -0.7604
vn -0.6147 -0.3263 -0.7181
vn -0.9988 0.0204 0.0450
vn -0.9988 0.0055 0.0491
vn -0.6147 -0.0884 -0.7838
vn -0.9988 0.0430 0.0244
vn -0.6147 -0.6861 -0.3892
vn -0.4418 0.7183 0.5375
vn -0.6138 0.6625 -0.4293
vn -0.9988 -0.0403 0.0261
vn -0.9495 0.1310 0.2850
vn -0.5801 0.2168 0.7852
vn -0.5801 0.0913 0.8094
vn -0.9988 -0.0314 0.0381
vn -0.6152 0.5004 -0.6092
vn -0.6146 0.3893 -0.6861
vn -0.9988 -0.0244 0.0430
vn -0.9661 0.1106 0.2335
vn -0.9989 0.0456 -0.0133
vn -0.6138 -0.7577 0.2217
vn -0.4915 -0.0940 0.8658
vn -0.5807 0.8138 0.0215
vn -0.9988 0.0493 0.0013
vn -0.9988 0.0489 -0.0079
vn -0.5805 0.8038 -0.1296
vn -0.6091 0.6609 0.4383
vn -0.5804 0.7816 -0.2287
vn -0.5800 0.7627 0.2860
vn -0.5801 0.7085 0.4019
vn -0.5806 -0.5169 0.6291
vn -0.5806 -0.6223 0.5250
vn -0.9988 -0.0378 0.0318
vn -0.6154 0.6023 -0.5085
vn -0.9988 -0.0022 0.0494
vn -0.6146 0.0353 -0.7880
vn -0.9988 -0.0099 0.0484
vn -0.6147 0.1581 -0.7728
vn -0.5801 0.3370 0.7416
vn -0.6153 -0.7880 -0.0209
vn -0.9988 0.0387 0.0308
vn -0.6146 -0.6168 -0.4917
vn -0.9988 0.0334 0.0365
vn -0.6147 -0.5323 -0.5821
vn -0.9988 0.0273 0.0413
vn -0.6146 -0.4347 -0.6583
vn -0.5779 -0.6847 0.4440
vn -0.5463 -0.0798 0.8338
vn -0.5801 -0.0364 0.8138
vn -0.5801 -0.1633 0.7980
vn -0.5800 0.7981 0.1631
vn -0.6155 -0.7782 0.1251
vn -0.5801 0.6369 0.5078
vn -0.5801 0.5497 0.6012
vn -0.5800 0.4489 0.6798
vn -0.9988 -0.0174 0.0463
vn -0.6146 0.2771 -0.7386
vn -0.5800 -0.4020 0.7085
vn -0.5800 -0.2862 0.7627
vn -0.2812 -0.0637 0.9575
vn -0.2973 0.7542 0.5855
vn -0.7093 0.1876 0.6795
vn -0.7093 0.2916 0.6417
vn -0.7093 0.3884 0.5882
vn -0.7097 -0.4473 0.5443
vn -0.7093 -0.3479 0.6131
vn -0.7093 -0.5388 0.4545
vn -0.7051 -0.5953 0.3853
vn -0.7070 0.6789 -0.1984
vn -0.7093 0.6959 -0.1121
vn -0.7093 0.6600 0.2475
vn -0.7093 0.6131 0.3478
vn -0.7093 0.0790 0.7004
vn -0.7093 -0.0315 0.7042
vn -0.7093 -0.1413 0.6906
vn -0.7093 -0.2476 0.6600
vn -0.7098 0.7042 0.0186
vn -0.7093 0.6906 0.1412
vn -0.7093 0.5512 0.4394
vn -0.7093 0.4756 0.5202
vn -0.4671 0.8831 0.0442
vn -0.7027 0.6871 -0.1845
vn -0.7048 0.7023 -0.1003
vn -0.7047 -0.0317 0.7088
vn -0.7047 -0.1422 0.6951
vn -0.7047 0.0795 0.7050
vn -0.7047 0.1889 0.6839
vn -0.7047 0.2935 0.6459
vn -0.7047 -0.2492 0.6643
vn -0.7047 -0.3500 0.6171
vn -0.7047 0.3909 0.5921
vn -0.7047 0.4787 0.5236
vn -0.7049 -0.4467 0.5510
vn -0.7048 -0.5344 0.4667
vn -0.7047 0.5548 0.4423
vn -0.7047 0.6171 0.3500
vn -0.7027 -0.5899 0.3979
vn -0.4690 -0.5382 0.7003
vn -0.7047 0.6643 0.2492
vn -0.7047 0.6951 0.1422
vn -0.7050 0.7088 0.0236
vn 0.9237 -0.1399 -0.3566
vn 0.8693 0.2113 -0.4468
vn 0.8606 0.4559 0.2269
vn 0.9235 0.1476 0.3539
vn 0.3539 0.6260 0.6949
vn 0.3820 0.3504 0.8551
vn -0.8646 0.2250 -0.4493
vn -0.8693 0.2113 -0.4468
vn -0.8606 0.4559 0.2269
vn -0.8646 0.4458 0.2321
vn -0.3539 0.6260 0.6949
vn -0.3581 0.6018 0.7138
vn -0.3827 -0.2780 -0.8810
vn -0.3581 0.0689 -0.9311
vn -0.9239 -0.1113 -0.3662
vn -0.3820 0.3504 0.8551
vn 0.3626 0.0354 -0.9313
vn 0.3581 0.0689 -0.9311
vn 0.8646 0.2250 -0.4493
vn -0.9237 -0.1399 -0.3566
vn -0.9235 0.1476 0.3539
vn -0.9239 0.1244 0.3619
vn -0.3827 0.2912 0.8768
vn -0.3626 0.0354 -0.9313
vn 0.3581 0.6018 0.7138
vn 0.3827 0.2912 0.8768
vn 0.8646 0.4458 0.2321
vn 0.9239 0.1244 0.3619
vn 0.9239 -0.1113 -0.3662
vn 0.3827 -0.2780 -0.8810
vn -0.3822 -0.3429 -0.8581
vn 0.3822 -0.3429 -0.8581
vn 0.6146 -0.7729 -0.1579
vn 0.6146 -0.7386 -0.2770
vn 0.9988 0.0463 0.0174
vn 0.9988 0.0484 0.0099
vn 0.6147 -0.3263 -0.7181
vn 0.6146 -0.2100 -0.7604
vn 0.9988 0.0132 0.0477
vn 0.9988 0.0204 0.0450
vn 0.9988 0.0055 0.0491
vn 0.6147 -0.0884 -0.7838
vn 0.9988 0.0430 0.0244
vn 0.6147 -0.6861 -0.3892
vn 0.9988 -0.0403 0.0261
vn 0.6138 0.6625 -0.4293
vn 0.4418 0.7183 0.5375
vn 0.9495 0.1305 0.2853
vn 0.5801 0.0913 0.8094
vn 0.5801 0.2168 0.7852
vn 0.6146 0.3893 -0.6861
vn 0.6152 0.5004 -0.6092
vn 0.9988 -0.0314 0.0381
vn 0.9988 -0.0244 0.0430
vn 0.6138 -0.7577 0.2217
vn 0.9989 0.0456 -0.0133
vn 0.9661 0.1106 0.2335
vn 0.4915 -0.0940 0.8658
vn 0.9988 0.0489 -0.0079
vn 0.9988 0.0493 0.0015
vn 0.5807 0.8138 0.0215
vn 0.5806 0.8038 -0.1296
vn 0.5804 0.7816 -0.2287
vn 0.6091 0.6609 0.4383
vn 0.5801 0.7085 0.4019
vn 0.5800 0.7627 0.2860
vn 0.5806 -0.6223 0.5250
vn 0.5806 -0.5169 0.6291
vn 0.9988 -0.0378 0.0318
vn 0.6154 0.6023 -0.5085
vn 0.6146 0.0353 -0.7880
vn 0.9988 -0.0022 0.0494
vn 0.9988 -0.0099 0.0484
vn 0.6147 0.1581 -0.7728
vn 0.5801 0.3370 0.7416
vn 0.6153 -0.7880 -0.0210
vn 0.6146 -0.6168 -0.4917
vn 0.9988 0.0387 0.0308
vn 0.9988 0.0334 0.0365
vn 0.6147 -0.5323 -0.5821
vn 0.6146 -0.4347 -0.6583
vn 0.9988 0.0273 0.0413
vn 0.5779 -0.6847 0.4440
vn 0.5463 -0.0798 0.8338
vn 0.5801 -0.1633 0.7980
vn 0.5801 -0.0364 0.8138
vn 0.5800 0.7981 0.1631
vn 0.6154 -0.7782 0.1251
vn 0.5801 0.5497 0.6012
vn 0.5801 0.6369 0.5078
vn 0.5800 0.4489 0.6798
vn 0.6146 0.2771 -0.7386
vn 0.9988 -0.0174 0.0463
vn 0.5800 -0.4020 0.7085
vn 0.5800 -0.2862 0.7627
vn 0.7069 0.6789 -0.1984
vn 0.7027 0.6871 -0.1845
vn 0.4671 0.8831 0.0442
vn 0.2973 0.7542 0.5855
vn 0.7048 0.7023 -0.1003
vn 0.7093 0.6959 -0.1122
vn 0.7047 -0.1422 0.6951
vn 0.7047 -0.0317 0.7088
vn 0.7093 -0.0315 0.7042
vn 0.7093 -0.1413 0.6906
vn 0.7093 0.0790 0.7004
vn 0.7047 0.0795 0.7050
vn 0.7047 0.1889 0.6839
vn 0.7093 0.1876 0.6795
vn 0.7093 0.2916 0.6417
vn 0.7047 0.2935 0.6459
vn 0.7047 -0.3500 0.6171
vn 0.7047 -0.2492 0.6643
vn 0.7093 -0.2476 0.6600
vn 0.7093 -0.3479 0.6130
vn 0.7047 0.3910 0.5921
vn 0.7093 0.3884 0.5882
vn 0.7093 0.4756 0.5202
vn 0.7047 0.4787 0.5236
vn 0.7048 -0.5344 0.4667
vn 0.7049 -0.4467 0.5510
vn 0.7097 -0.4473 0.5443
vn 0.7093 -0.5388 0.4545
vn 0.7047 0.5548 0.4423
vn 0.7093 0.5512 0.4394
vn 0.7093 0.6131 0.3478
vn 0.7047 0.6171 0.3500
vn 0.7051 -0.5953 0.3854
vn 0.7027 -0.5899 0.3979
vn 0.2812 -0.0637 0.9575
vn 0.4690 -0.5383 0.7002
vn 0.7047 0.6643 0.2492
vn 0.7093 0.6600 0.2475
vn 0.7093 0.6906 0.1412
vn 0.7047 0.6951 0.1422
vn 0.7050 0.7088 0.0236
vn 0.7098 0.7042 0.0186
vn 0.9235 -0.2183 -0.3153
vn 0.3820 -0.5213 -0.7631
vt 0.321035 0.121216
vt 0.315472 0.132066
vt 0.311805 0.129947
vt 0.319013 0.120039
vt 0.296573 0.151639
vt 0.308174 0.134969
vt 0.312759 0.137613
vt 0.303737 0.155807
vt 0.323582 0.134217
vt 0.322783 0.140330
vt 0.317675 0.139376
vt 0.319458 0.133482
vt 0.304121 0.131456
vt 0.308615 0.127193
vt 0.317228 0.118293
vt 0.306026 0.124032
vt 0.315670 0.115948
vt 0.327629 0.134334
vt 0.328173 0.140531
vt 0.331209 0.121584
vt 0.331299 0.133783
vt 0.328236 0.122037
vt 0.300742 0.127072
vt 0.298231 0.121569
vt 0.304188 0.120834
vt 0.313938 0.113159
vt 0.323244 0.121894
vt 0.325627 0.122152
vt 0.311537 0.158700
vt 0.319550 0.160236
vt 0.334105 0.139609
vt 0.334007 0.160125
vt 0.327223 0.160433
vt 0.176762 0.123282
vt 0.148949 0.120792
vt 0.148931 0.111777
vt 0.176667 0.117370
vt 0.053133 0.121261
vt 0.054310 0.112133
vt 0.056415 0.112479
vt 0.055454 0.121025
vt 0.024125 0.118659
vt 0.024194 0.125094
vt 0.052393 0.130078
vt 0.024243 0.132289
vt 0.052412 0.138865
vt 0.024269 0.139824
vt 0.052332 0.147712
vt 0.024273 0.147255
vt 0.053334 0.156629
vt 0.024334 0.154138
vt 0.053351 0.165881
vt 0.024428 0.160050
vt 0.146633 0.120462
vt 0.146847 0.111592
vt 0.176971 0.158762
vt 0.148286 0.165188
vt 0.148762 0.156160
vt 0.176902 0.152326
vt 0.148703 0.147343
vt 0.176852 0.145131
vt 0.148764 0.129709
vt 0.146478 0.129505
vt 0.148684 0.138556
vt 0.176826 0.137597
vt 0.176823 0.130166
vt 0.146422 0.138555
vt 0.146432 0.147548
vt 0.054663 0.129873
vt 0.146442 0.156396
vt 0.146181 0.164842
vt 0.055650 0.156958
vt 0.055436 0.166066
vt 0.054617 0.147916
vt 0.054674 0.138866
vt 0.096617 0.152206
vt 0.093769 0.165898
vt 0.089891 0.164165
vt 0.092308 0.151462
vt 0.086587 0.178402
vt 0.083127 0.175911
vt 0.118083 0.178619
vt 0.110254 0.166790
vt 0.113749 0.164483
vt 0.120813 0.175606
vt 0.105533 0.153455
vt 0.109601 0.152039
vt 0.103595 0.139420
vt 0.107954 0.139049
vt 0.104478 0.125215
vt 0.108787 0.125958
vt 0.119521 0.160823
vt 0.123998 0.170765
vt 0.118783 0.116640
vt 0.116248 0.127616
vt 0.112391 0.113256
vt 0.115670 0.138873
vt 0.123659 0.106688
vt 0.119156 0.101746
vt 0.082374 0.116598
vt 0.078597 0.106555
vt 0.081783 0.101714
vt 0.088146 0.112938
vt 0.084323 0.127377
vt 0.091495 0.125382
vt 0.085426 0.138548
vt 0.093142 0.138372
vt 0.116773 0.150044
vt 0.084848 0.149805
vt 0.083499 0.160781
vt 0.078623 0.170970
vt 0.108513 0.111523
vt 0.115696 0.099256
vt 0.084513 0.098701
vt 0.091641 0.110630
vt 0.095562 0.123965
vt 0.097501 0.138001
vt 0.869310 0.222340
vt 0.897367 0.222321
vt 0.897714 0.225341
vt 0.868879 0.225341
vt 0.185928 0.085090
vt 0.185991 0.088897
vt 0.151605 0.089639
vt 0.151476 0.085833
vt 0.220386 0.088639
vt 0.220385 0.084831
vt 0.920161 0.204913
vt 0.942017 0.192089
vt 0.948438 0.200494
vt 0.924315 0.214697
vt 0.788073 0.103379
vt 0.794840 0.079082
vt 0.798863 0.080641
vt 0.792333 0.104029
vt 0.810881 0.059821
vt 0.807488 0.057145
vt 0.825302 0.039278
vt 0.828030 0.042614
vt 0.848795 0.030493
vt 0.847170 0.026498
vt 0.117238 0.090896
vt 0.117034 0.087092
vt 0.082898 0.092634
vt 0.082597 0.088837
vt 0.871478 0.019688
vt 0.872203 0.023920
vt 0.896235 0.023694
vt 0.896822 0.019424
vt 0.921330 0.025390
vt 0.919822 0.029435
vt 0.940589 0.041459
vt 0.943270 0.038049
vt 0.159209 0.049467
vt 0.124845 0.050733
vt 0.124641 0.046930
vt 0.159079 0.045662
vt 0.090510 0.052482
vt 0.090208 0.048685
vt 0.960772 0.056192
vt 0.957417 0.058892
vt 0.969209 0.079807
vt 0.973225 0.078240
vt 0.979409 0.102712
vt 0.975143 0.103351
vt 0.975066 0.127392
vt 0.979342 0.128052
vt 0.824040 0.193247
vt 0.846077 0.205726
vt 0.842011 0.215455
vt 0.817500 0.201688
vt 0.870538 0.211849
vt 0.972680 0.152388
vt 0.968653 0.150806
vt 0.956480 0.171562
vt 0.959853 0.174236
vt 0.939295 0.188753
vt 0.918546 0.200908
vt 0.895878 0.211777
vt 0.895171 0.207523
vt 0.871126 0.207587
vt 0.847569 0.201692
vt 0.826719 0.189823
vt 0.048606 0.094879
vt 0.048143 0.091109
vt 0.014409 0.097713
vt 0.013588 0.093998
vt 0.806441 0.175190
vt 0.809795 0.172481
vt 0.797982 0.151594
vt 0.793956 0.153159
vt 0.787787 0.128702
vt 0.792071 0.128076
vt 0.056221 0.054739
vt 0.055760 0.050968
vt 0.022026 0.057586
vt 0.021212 0.053870
vt 0.968261 0.180631
vt 0.262442 0.044905
vt 0.262727 0.025899
vt 0.297473 0.026648
vt 0.296898 0.045647
vt 0.925489 0.217494
vt 0.150900 0.066839
vt 0.116163 0.068105
vt 0.115986 0.064529
vt 0.150781 0.063258
vt 0.081422 0.069869
vt 0.081196 0.066301
vt 0.989873 0.129538
vt 0.982525 0.156488
vt 0.784114 0.157103
vt 0.797943 0.181503
vt 0.795472 0.183272
vt 0.781284 0.158195
vt 0.815595 0.204054
vt 0.428943 0.074946
vt 0.394133 0.072147
vt 0.394370 0.068579
vt 0.429128 0.071355
vt 0.359364 0.069854
vt 0.359588 0.066283
vt 0.950272 0.202915
vt 0.983073 0.074301
vt 0.969260 0.049867
vt 0.971740 0.048110
vt 0.985913 0.073227
vt 0.970632 0.182530
vt 0.951644 0.027262
vt 0.949711 0.029603
vt 0.046419 0.068601
vt 0.046658 0.072166
vt 0.011851 0.074964
vt 0.011664 0.071374
vt 0.193528 0.044912
vt 0.193592 0.048718
vt 0.193179 0.022327
vt 0.193238 0.025911
vt 0.158499 0.026671
vt 0.158380 0.023090
vt 0.985292 0.157766
vt 0.992884 0.129960
vt 0.777608 0.101959
vt 0.777178 0.129968
vt 0.774142 0.130245
vt 0.774611 0.101470
vt 0.227981 0.025647
vt 0.227983 0.044648
vt 0.365490 0.052458
vt 0.331143 0.050716
vt 0.331347 0.046908
vt 0.365793 0.048656
vt 0.296769 0.049456
vt 0.357888 0.092629
vt 0.323543 0.090892
vt 0.323747 0.087086
vt 0.358190 0.088828
vt 0.289171 0.089637
vt 0.289299 0.085829
vt 0.262380 0.048712
vt 0.227985 0.048456
vt 0.254782 0.088896
vt 0.254844 0.085088
vt 0.401978 0.028408
vt 0.401744 0.031978
vt 0.366970 0.029678
vt 0.367194 0.026105
vt 0.436561 0.034785
vt 0.436737 0.031194
vt 0.123765 0.027946
vt 0.089028 0.029720
vt 0.799049 0.050662
vt 0.785086 0.074921
vt 0.782299 0.073708
vt 0.796658 0.048787
vt 0.054269 0.032028
vt 0.019470 0.034837
vt 0.324616 0.068094
vt 0.324793 0.064515
vt 0.427209 0.093980
vt 0.392649 0.091097
vt 0.898074 0.008897
vt 0.870059 0.009237
vt 0.869659 0.006231
vt 0.898444 0.005891
vt 0.841869 0.013899
vt 0.843025 0.016708
vt 0.289874 0.066831
vt 0.289993 0.063248
vt 0.255130 0.066083
vt 0.220384 0.065828
vt 0.818876 0.030854
vt 0.817044 0.028429
vt 0.332219 0.027913
vt 0.332395 0.024333
vt 0.185640 0.066087
vt 0.925340 0.015551
vt 0.926561 0.012775
vt 0.054026 0.028464
vt 0.088801 0.026153
vt 0.123587 0.024371
vt 0.262786 0.022313
vt 0.297592 0.023064
vt 0.019273 0.031247
vt 0.433992 0.057534
vt 0.399789 0.054706
vt 0.400257 0.050931
vt 0.434823 0.053821
vt 0.227981 0.022061
vt 0.185581 0.062501
vt 0.220385 0.062242
vt 0.840825 0.218241
vt 0.989941 0.101517
vt 0.992963 0.101200
vt 0.255189 0.062496
vt 0.426386 0.097694
vt 0.392185 0.094870
vt 0.122130 0.118060
vt 0.120197 0.128322
vt 0.117725 0.127911
vt 0.120050 0.117193
vt 0.119740 0.138774
vt 0.117193 0.138839
vt 0.081355 0.138647
vt 0.080513 0.128250
vt 0.082903 0.127728
vt 0.083903 0.138582
vt 0.120583 0.149171
vt 0.118192 0.149693
vt 0.080899 0.149098
vt 0.083370 0.149510
vt 0.080153 0.159361
vt 0.082232 0.160228
vt 0.077627 0.106921
vt 0.081203 0.117169
vt 0.079294 0.118112
vt 0.077137 0.108507
vt 0.122601 0.159309
vt 0.120692 0.160252
vt 0.125782 0.108573
vt 0.124700 0.107179
vt 0.125458 0.168814
vt 0.124968 0.170400
vt 0.076501 0.169085
vt 0.077582 0.170479
vt 0.864893 0.100721
vt 0.859365 0.112442
vt 0.875261 0.092938
vt 0.892149 0.138401
vt 0.902531 0.130684
vt 0.887972 0.091070
vt 0.899768 0.095747
vt 0.907041 0.106131
vt 0.907946 0.118945
vt 0.860237 0.125246
vt 0.867643 0.135535
vt 0.879443 0.140261
vt 0.138410 0.128866
vt 0.138387 0.138693
vt 0.126278 0.138739
vt 0.126574 0.128993
vt 0.138583 0.148480
vt 0.126824 0.148500
vt 0.139263 0.108624
vt 0.138753 0.118843
vt 0.127670 0.119413
vt 0.129368 0.110255
vt 0.138843 0.158388
vt 0.127937 0.158132
vt 0.139284 0.168483
vt 0.128805 0.167324
vt 0.063020 0.169033
vt 0.063530 0.158578
vt 0.074612 0.158008
vt 0.072915 0.167403
vt 0.062686 0.148555
vt 0.074521 0.148427
vt 0.062708 0.138728
vt 0.074818 0.138681
vt 0.062513 0.128941
vt 0.074272 0.128921
vt 0.063053 0.119033
vt 0.073959 0.119289
vt 0.063311 0.108838
vt 0.073790 0.109996
vt 0.141140 0.119015
vt 0.141977 0.108926
vt 0.060837 0.109790
vt 0.060764 0.119677
vt 0.140932 0.128841
vt 0.060068 0.129351
vt 0.140928 0.138465
vt 0.060167 0.138956
vt 0.141027 0.148069
vt 0.060164 0.148580
vt 0.141132 0.157744
vt 0.061143 0.158406
vt 0.141758 0.167531
vt 0.060306 0.168732
vt 0.718175 0.160640
vt 0.699508 0.171417
vt 0.667747 0.095229
vt 0.585884 0.084641
vt 0.591367 0.063796
vt 0.678714 0.177091
vt 0.585884 0.106197
vt 0.657159 0.177091
vt 0.636313 0.171607
vt 0.591558 0.126992
vt 0.602335 0.145658
vt 0.733348 0.145328
vt 0.744124 0.126662
vt 0.749609 0.105816
vt 0.749609 0.084261
vt 0.743935 0.063467
vt 0.733157 0.044800
vt 0.717846 0.029628
vt 0.699179 0.018850
vt 0.678333 0.013366
vt 0.656779 0.013366
vt 0.617646 0.160830
vt 0.635984 0.019041
vt 0.617317 0.029818
vt 0.602145 0.045129
vt 0.124805 0.118749
vt 0.127737 0.108874
vt 0.075385 0.108789
vt 0.076740 0.118812
vt 0.123293 0.128648
vt 0.077510 0.128733
vt 0.122911 0.138672
vt 0.078184 0.138749
vt 0.123585 0.148688
vt 0.077802 0.148772
vt 0.125156 0.158609
vt 0.077478 0.158671
vt 0.127210 0.168531
vt 0.074545 0.168783
vt 0.585616 0.215534
vt 0.585622 0.217481
vt 0.621526 0.217309
vt 0.621532 0.215353
vt 0.371038 0.217123
vt 0.371048 0.219050
vt 0.406777 0.218778
vt 0.406766 0.216855
vt 0.335268 0.217382
vt 0.335278 0.219310
vt 0.549754 0.215767
vt 0.549763 0.217699
vt 0.021154 0.219515
vt 0.070893 0.219796
vt 0.070829 0.217780
vt 0.021463 0.217360
vt 0.371030 0.215720
vt 0.335262 0.215980
vt 0.155081 0.218276
vt 0.155104 0.220194
vt 0.191347 0.220109
vt 0.191336 0.218148
vt 0.796371 0.214081
vt 0.744157 0.214381
vt 0.744080 0.216397
vt 0.796813 0.216167
vt 0.657453 0.213876
vt 0.657435 0.215245
vt 0.696793 0.214933
vt 0.696827 0.213587
vt 0.796806 0.212439
vt 0.744207 0.212920
vt 0.585613 0.214115
vt 0.549746 0.214360
vt 0.155063 0.216890
vt 0.116035 0.216759
vt 0.116071 0.218147
vt 0.116131 0.220079
vt 0.299435 0.217613
vt 0.299443 0.219548
vt 0.263511 0.217824
vt 0.263517 0.219764
vt 0.406758 0.215457
vt 0.657414 0.217141
vt 0.513950 0.216020
vt 0.513961 0.217949
vt 0.478199 0.216296
vt 0.478209 0.218220
vt 0.442478 0.216572
vt 0.442489 0.218498
vt 0.070791 0.216326
vt 0.021161 0.215691
vt 0.299429 0.216206
vt 0.263505 0.216413
vt 0.621539 0.213922
vt 0.696734 0.216816
vt 0.513942 0.214616
vt 0.478191 0.214898
vt 0.442471 0.215172
vt 0.227482 0.217998
vt 0.227490 0.219951
vt 0.191325 0.216718
vt 0.227476 0.216575
vt 0.018228 0.219501
vt 0.018255 0.226131
vt 0.799765 0.222901
vt 0.799701 0.216173
vt 0.019472 0.218886
vt 0.798460 0.215454
vt 0.370996 0.209279
vt 0.406722 0.209023
vt 0.442433 0.208736
vt 0.155057 0.210387
vt 0.191295 0.210189
vt 0.116093 0.210194
vt 0.070906 0.209604
vt 0.744103 0.206249
vt 0.696740 0.207122
vt 0.585586 0.207635
vt 0.549711 0.207902
vt 0.335230 0.209532
vt 0.299401 0.209740
vt 0.263483 0.209932
vt 0.227456 0.210066
vt 0.657436 0.207445
vt 0.621539 0.207434
vt 0.513905 0.208169
vt 0.478153 0.208461
vt 0.783802 0.192613
vt 0.738274 0.192471
vt 0.796675 0.205605
vt 0.695889 0.192535
vt 0.299372 0.194669
vt 0.263466 0.194818
vt 0.335190 0.194493
vt 0.370948 0.194261
vt 0.406667 0.194016
vt 0.227447 0.194902
vt 0.191290 0.194984
vt 0.442374 0.193730
vt 0.478092 0.193446
vt 0.154959 0.195167
vt 0.117246 0.195396
vt 0.513845 0.193135
vt 0.549654 0.192839
vt 0.076756 0.195354
vt 0.034735 0.195325
vt 0.021513 0.208945
vt 0.585546 0.192538
vt 0.621540 0.192326
vt 0.657665 0.192382
vt 0.211724 0.132651
vt 0.228405 0.119982
vt 0.230915 0.125485
vt 0.215483 0.138825
vt 0.234294 0.129869
vt 0.220531 0.144804
vt 0.249631 0.131895
vt 0.247848 0.137789
vt 0.242932 0.136026
vt 0.245646 0.130479
vt 0.238347 0.133382
vt 0.241978 0.128360
vt 0.255800 0.120565
vt 0.253755 0.132630
vt 0.253417 0.120307
vt 0.226746 0.150052
vt 0.258346 0.138944
vt 0.257802 0.132747
vt 0.261473 0.132196
vt 0.264278 0.138022
vt 0.241710 0.157113
vt 0.233910 0.154220
vt 0.251208 0.119629
vt 0.249186 0.118452
vt 0.252957 0.138743
vt 0.238788 0.125606
vt 0.247401 0.116706
vt 0.236199 0.122445
vt 0.245843 0.114361
vt 0.261382 0.119997
vt 0.258409 0.120450
vt 0.234361 0.119247
vt 0.244111 0.111572
vt 0.249723 0.158649
vt 0.264180 0.158538
vt 0.257396 0.158846
vt 0.621610 0.241129
vt 0.585714 0.241310
vt 0.585723 0.243255
vt 0.621625 0.243087
vt 0.406915 0.242505
vt 0.371185 0.242799
vt 0.371198 0.244727
vt 0.406927 0.244427
vt 0.335423 0.245021
vt 0.335411 0.243094
vt 0.549878 0.243427
vt 0.549870 0.241496
vt 0.070809 0.246841
vt 0.070878 0.244827
vt 0.021100 0.244966
vt 0.021408 0.247128
vt 0.335432 0.246423
vt 0.371206 0.246129
vt 0.191422 0.244132
vt 0.155147 0.244294
vt 0.155132 0.246215
vt 0.191424 0.246096
vt 0.744108 0.241159
vt 0.744188 0.243177
vt 0.796366 0.243369
vt 0.796806 0.241288
vt 0.696866 0.242845
vt 0.657523 0.242859
vt 0.657549 0.244230
vt 0.696913 0.244186
vt 0.744238 0.244641
vt 0.796804 0.245004
vt 0.549882 0.244831
vt 0.585729 0.244674
vt 0.116052 0.247850
vt 0.155119 0.247603
vt 0.116087 0.246462
vt 0.116145 0.244532
vt 0.299568 0.243386
vt 0.299580 0.245322
vt 0.263644 0.245604
vt 0.263633 0.243665
vt 0.406935 0.245826
vt 0.657490 0.240962
vt 0.514081 0.241712
vt 0.514090 0.243641
vt 0.478350 0.243878
vt 0.478339 0.241955
vt 0.442625 0.242223
vt 0.442636 0.244148
vt 0.070767 0.248294
vt 0.021107 0.248803
vt 0.263653 0.247015
vt 0.299589 0.246730
vt 0.621640 0.244519
vt 0.696792 0.240966
vt 0.478358 0.245276
vt 0.514097 0.245044
vt 0.442645 0.245549
vt 0.227590 0.243924
vt 0.227599 0.245877
vt 0.191424 0.247529
vt 0.227605 0.247301
vt 0.744147 0.251310
vt 0.738356 0.265096
vt 0.783846 0.264837
vt 0.796685 0.251829
vt 0.696087 0.265207
vt 0.696862 0.250642
vt 0.263823 0.268623
vt 0.299761 0.268278
vt 0.299629 0.253198
vt 0.263692 0.253500
vt 0.335473 0.252872
vt 0.335602 0.267916
vt 0.371373 0.267593
vt 0.371246 0.252573
vt 0.406974 0.252259
vt 0.407096 0.267265
vt 0.191530 0.269301
vt 0.227761 0.268996
vt 0.227640 0.253815
vt 0.191436 0.254067
vt 0.442796 0.266987
vt 0.442681 0.251985
vt 0.478391 0.251710
vt 0.478495 0.266717
vt 0.117291 0.269236
vt 0.155093 0.269368
vt 0.155136 0.254116
vt 0.116118 0.254420
vt 0.514218 0.266512
vt 0.514125 0.251489
vt 0.549906 0.251285
vt 0.549984 0.266331
vt 0.070873 0.255020
vt 0.076710 0.269293
vt 0.021450 0.255559
vt 0.034664 0.269222
vt 0.585824 0.266231
vt 0.585750 0.251148
vt 0.621682 0.251009
vt 0.621784 0.266114
vt 0.657904 0.265719
vt 0.657575 0.250661
vt 0.799693 0.241285
vt 0.799761 0.234557
vt 0.738296 0.181002
vt 0.695897 0.181011
vt 0.478020 0.181940
vt 0.442306 0.182233
vt 0.585482 0.180961
vt 0.549580 0.181295
vt 0.621522 0.180717
vt 0.783840 0.181293
vt 0.513770 0.181616
vt 0.657694 0.180773
vt 0.076761 0.183733
vt 0.034731 0.183755
vt 0.117221 0.183698
vt 0.154913 0.183468
vt 0.191261 0.183318
vt 0.227432 0.183282
vt 0.263443 0.183240
vt 0.299337 0.183126
vt 0.335144 0.182972
vt 0.370892 0.182757
vt 0.406604 0.182518
vt 0.798452 0.242003
vt 0.018229 0.238333
vt 0.018173 0.244963
vt 0.019415 0.245586
vt 0.816714 0.223141
vt 0.816710 0.234331
vt 0.000670 0.226428
vt 0.000645 0.237935
vt 0.281551 0.134238
vt 0.285310 0.140412
vt 0.290358 0.146390
s 1
usemtl default
f 204/15/7 182/16/8 181/17/9 200/18/10
f 197/19/11 191/20/12 188/21/13 185/22/14
f 180/23/15 202/24/16 192/25/17 179/26/18
f 178/27/19 203/28/20 181/17/9 191/20/12
f 196/29/21 203/28/20 195/30/22 176/31/23
f 193/32/24 199/33/25 202/24/16 180/23/15
f 189/34/26 201/35/27 193/32/24 187/36/28
f 203/28/20 178/27/19 177/37/29 195/30/22
f 175/38/30 201/39/27 195/30/22 177/37/29
f 200/18/10 181/17/9 203/28/20 196/29/21
f 176/31/23 195/30/22 201/39/27 189/40/26
f 190/41/31 179/26/18 182/16/8 204/15/7
f 187/36/28 193/32/24 180/23/15 194/42/32
f 183/43/33 192/25/17 202/24/16 184/44/34
f 175/45/30 186/46/35 205/47/36 199/33/25
f 184/44/34 202/24/16 199/33/25 205/47/36
f 210/48/37 86/49/38 58/50/39 211/51/40
f 341/52/41 58/53/39 219/54/42 221/55/43
f 211/56/40 58/53/39 341/52/41 212/57/44
f 212/57/44 341/52/41 338/58/45 213/59/46
f 213/59/46 338/58/45 315/60/47 214/61/48
f 214/61/48 315/60/47 312/62/49 215/63/50
f 215/63/50 312/62/49 430/64/51 216/65/52
f 216/65/52 430/64/51 298/66/53 217/67/54
f 58/50/39 86/49/38 220/68/55 219/69/42
f 217/70/54 298/71/53 51/72/56 218/73/57
f 218/73/57 51/72/56 134/74/58 207/75/59
f 86/49/38 108/76/60 222/77/61 220/68/55
f 207/75/59 134/74/58 125/78/62 208/79/63
f 208/79/63 125/78/62 108/76/60 209/80/64
f 209/80/64 108/76/60 86/49/38 210/48/37
f 108/76/60 125/78/62 224/81/65 222/77/61
f 125/78/62 134/74/58 226/82/66 224/81/65
f 338/58/45 341/52/41 221/55/43 223/83/67
f 134/74/58 51/72/56 228/84/68 226/82/66
f 51/72/56 298/71/53 230/85/69 228/84/68
f 298/66/53 430/64/51 229/86/70 230/87/69
f 430/64/51 312/62/49 227/88/71 229/86/70
f 312/62/49 315/60/47 225/89/72 227/88/71
f 315/60/47 338/58/45 223/83/67 225/89/72
f 404/90/73 250/91/74 332/92/75 330/93/76
f 250/91/74 259/94/77 333/95/78 332/92/75
f 259/96/77 262/97/79 331/98/80 333/99/78
f 262/97/79 264/100/81 329/101/82 331/98/80
f 264/100/81 266/102/83 327/103/84 329/101/82
f 266/102/83 243/104/85 325/105/86 327/103/84
f 387/106/87 313/107/88 333/99/78 331/98/80
f 485/108/89 369/109/90 325/105/86 323/110/91
f 369/109/90 249/111/92 327/103/84 325/105/86
f 483/112/93 485/108/89 323/110/91 322/113/94
f 487/114/95 483/115/93 322/116/94 324/117/96
f 245/118/97 487/114/95 324/117/96 326/119/98
f 251/120/99 245/118/97 326/119/98 328/121/100
f 249/111/92 364/122/101 329/101/82 327/103/84
f 372/123/102 251/120/99 328/121/100 330/93/76
f 364/122/101 387/106/87 331/98/80 329/101/82
f 311/124/103 372/123/102 330/93/76 332/92/75
f 313/125/88 311/124/103 332/92/75 333/95/78
f 322/113/94 323/110/91 252/126/104 263/127/105
f 324/117/96 322/116/94 263/128/105 248/129/106
f 323/110/91 325/105/86 243/104/85 252/126/104
f 326/119/98 324/117/96 248/129/106 244/130/107
f 328/121/100 326/119/98 244/130/107 247/131/108
f 330/93/76 328/121/100 247/131/108 404/90/73
f 59/132/109 56/133/110 357/134/111 490/135/112
f 371/136/113 395/137/114 489/138/115 441/139/116
f 500/140/117 395/137/114 371/136/113 443/141/118
f 272/142/119 465/143/120 480/144/121 482/145/122
f 276/146/123 416/147/124 362/148/125 363/149/126
f 361/150/127 362/148/125 416/147/124 277/151/128
f 277/151/128 479/152/129 360/153/130 361/150/127
f 488/154/131 360/153/130 479/152/129 278/155/132
f 489/138/115 418/156/133 368/157/134 441/139/116
f 368/157/134 418/156/133 490/158/112 439/159/135
f 278/155/132 433/160/136 413/161/137 488/154/131
f 392/162/138 413/161/137 433/160/136 279/163/139
f 279/163/139 414/164/140 257/165/141 392/162/138
f 426/166/142 257/165/141 414/164/140 280/167/143
f 495/168/144 376/169/145 382/170/146 444/171/147
f 382/170/146 376/169/145 496/172/148 446/173/149
f 280/167/143 367/174/150 425/175/151 426/166/142
f 423/176/152 425/175/151 367/174/150 281/177/153
f 281/177/153 55/178/154 422/179/155 423/176/152
f 420/180/156 422/179/155 55/178/154 270/181/157
f 274/182/158 43/183/159 314/184/160 316/185/161
f 59/132/109 314/184/160 43/183/159 273/186/162
f 270/181/157 501/187/163 419/188/164 420/180/156
f 258/189/165 419/188/164 501/187/163 271/190/166
f 271/190/166 465/143/120 253/191/167 258/189/165
f 417/192/168 253/191/167 465/143/120 272/142/119
f 272/142/119 343/193/169 408/194/170 417/192/168
f 407/195/171 408/194/170 343/193/169 273/186/162
f 273/186/162 43/183/159 406/196/172 407/195/171
f 401/197/173 406/196/172 43/183/159 274/182/158
f 490/158/112 357/198/111 374/199/174 439/159/135
f 374/199/174 357/198/111 491/200/175 437/201/176
f 274/182/158 379/202/177 261/203/178 401/197/173
f 366/204/179 261/203/178 379/202/177 275/205/180
f 275/205/180 359/206/181 365/207/182 366/204/179
f 363/149/126 365/207/182 359/206/181 276/146/123
f 496/172/148 436/208/183 265/209/184 446/173/149
f 265/209/184 436/208/183 497/210/185 448/211/186
f 486/212/187 480/144/121 465/143/120 271/190/166
f 386/213/188 380/214/189 473/215/190 440/216/191
f 491/217/175 357/134/111 56/133/110 482/145/122
f 477/218/192 256/219/193 254/220/194 453/221/195
f 254/220/194 256/219/193 476/222/196 451/223/197
f 133/224/198 109/225/199 501/187/163 270/181/157
f 271/190/166 501/187/163 109/225/199 486/212/187
f 434/226/200 432/227/201 395/228/114 500/229/117
f 489/230/115 395/228/114 432/227/201 316/185/161
f 275/205/180 379/202/177 432/227/201 434/226/200
f 469/231/202 409/232/203 402/233/204 460/234/205
f 402/233/204 409/232/203 468/235/206 459/236/207
f 316/185/161 432/227/201 379/202/177 274/182/158
f 482/145/122 56/133/110 343/193/169 272/142/119
f 482/145/122 480/144/121 317/237/208 491/217/175
f 273/186/162 343/193/169 56/133/110 59/132/109
f 429/238/209 428/239/210 397/240/211 494/241/212
f 492/242/213 317/237/208 480/144/121 486/212/187
f 495/243/144 397/240/211 428/239/210 431/244/214
f 352/245/215 353/246/216 475/247/217 449/248/218
f 383/249/219 397/250/211 495/168/144 444/171/147
f 464/251/220 466/252/221 471/253/222 456/254/223
f 475/247/217 353/246/216 374/199/174 437/201/176
f 441/139/116 368/157/134 256/219/193 477/218/192
f 431/244/214 428/239/210 367/174/150 280/167/143
f 281/177/153 367/174/150 428/239/210 429/238/209
f 256/219/193 368/157/134 439/159/135 476/222/196
f 486/212/187 109/225/199 396/255/224 492/242/213
f 396/255/224 109/225/199 133/224/198 493/256/225
f 374/199/174 353/246/216 476/222/196 439/159/135
f 484/257/226 481/258/227 260/259/228 499/260/229
f 500/229/117 260/259/228 481/258/227 434/226/200
f 472/261/230 380/214/189 386/213/188 442/262/231
f 492/263/213 396/264/224 412/265/232 438/266/233
f 412/265/232 396/264/224 493/267/225 440/216/191
f 498/268/234 381/269/235 255/270/236 447/271/237
f 255/270/236 381/269/235 499/272/229 445/273/238
f 434/226/200 481/258/227 359/206/181 275/205/180
f 493/267/225 246/274/239 386/213/188 440/216/191
f 386/213/188 246/274/239 494/275/212 442/262/231
f 499/272/229 260/276/228 373/277/240 445/273/238
f 373/277/240 260/276/228 500/140/117 443/141/118
f 347/278/241 349/279/242 474/280/243 450/281/244
f 475/282/217 349/279/242 347/278/241 449/283/218
f 444/171/147 382/170/146 415/284/245 471/253/222
f 415/284/245 382/170/146 446/173/149 470/285/246
f 276/146/123 359/206/181 481/258/227 484/257/226
f 336/286/247 335/287/248 381/288/235 498/289/234
f 499/260/229 381/288/235 335/287/248 484/257/226
f 446/173/149 265/209/184 358/290/249 470/285/246
f 358/290/249 265/209/184 448/211/186 469/291/202
f 484/257/226 335/287/248 416/147/124 276/146/123
f 277/151/128 416/147/124 335/287/248 336/286/247
f 468/235/206 268/292/250 435/293/251 459/236/207
f 448/294/186 377/295/252 409/232/203 469/231/202
f 409/232/203 377/295/252 447/271/237 468/235/206
f 138/296/253 339/297/254 436/298/183 496/299/148
f 497/300/185 436/298/183 339/297/254 340/301/255
f 435/293/251 268/292/250 467/302/256 457/303/257
f 447/271/237 255/270/236 268/292/250 468/235/206
f 268/292/250 255/270/236 445/273/238 467/302/256
f 340/301/255 339/297/254 433/160/136 278/155/132
f 279/163/139 433/160/136 339/297/254 138/296/253
f 445/273/238 373/277/240 54/304/258 467/302/256
f 54/304/258 373/277/240 443/141/118 478/305/259
f 494/275/212 397/250/211 383/249/219 442/262/231
f 340/301/255 342/306/260 410/307/261 497/300/185
f 498/289/234 410/307/261 342/306/260 336/286/247
f 474/280/243 424/308/262 355/309/263 450/281/244
f 443/141/118 371/136/113 463/310/264 478/305/259
f 463/310/264 371/136/113 441/139/116 477/218/192
f 336/286/247 342/306/260 479/152/129 277/151/128
f 278/155/132 479/152/129 342/306/260 340/301/255
f 431/244/214 91/311/265 376/312/145 495/243/144
f 496/299/148 376/312/145 91/311/265 138/296/253
f 476/222/196 353/246/216 352/245/215 451/223/197
f 470/285/246 358/290/249 421/313/266 458/314/267
f 471/253/222 415/284/245 57/315/268 456/254/223
f 473/215/190 380/214/189 375/316/269 452/317/270
f 421/313/266 358/290/249 469/291/202 460/318/205
f 355/309/263 424/308/262 473/215/190 452/317/270
f 491/319/175 317/320/208 390/321/271 437/322/176
f 375/316/269 380/214/189 472/261/230 454/323/272
f 57/315/268 415/284/245 470/285/246 458/314/267
f 390/321/271 317/320/208 492/263/213 438/266/233
f 478/305/259 463/310/264 411/324/273 455/325/274
f 411/324/273 463/310/264 477/218/192 453/221/195
f 280/167/143 414/164/140 91/311/265 431/244/214
f 138/296/253 91/311/265 414/164/140 279/163/139
f 471/253/222 466/252/221 383/249/219 444/171/147
f 316/185/161 314/184/160 418/326/133 489/230/115
f 490/135/112 418/326/133 314/184/160 59/132/109
f 383/249/219 466/252/221 472/261/230 442/262/231
f 473/215/190 424/308/262 412/265/232 440/216/191
f 412/265/232 424/308/262 474/280/243 438/266/233
f 133/224/198 427/327/275 246/328/239 493/256/225
f 472/261/230 466/252/221 464/251/220 454/323/272
f 494/241/212 246/328/239 427/327/275 429/238/209
f 270/181/157 55/178/154 427/327/275 133/224/198
f 429/238/209 427/327/275 55/178/154 281/177/153
f 53/329/276 54/304/258 478/305/259 455/325/274
f 467/302/256 54/304/258 53/329/276 457/303/257
f 497/330/185 410/331/261 377/295/252 448/294/186
f 377/295/252 410/331/261 498/268/234 447/271/237
f 474/280/243 349/279/242 390/321/271 438/266/233
f 390/321/271 349/279/242 475/282/217 437/322/176
f 283/332/277 285/333/278 302/334/279 300/335/280
f 285/333/278 287/336/281 304/337/282 302/334/279
f 288/338/283 286/339/284 303/340/285 305/341/286
f 287/336/281 289/342/287 306/343/288 304/337/282
f 290/344/289 288/338/283 305/341/286 307/345/290
f 292/346/291 290/344/289 307/345/290 309/347/292
f 299/348/293 301/349/294 284/350/295 282/351/296
f 289/342/287 291/352/297 308/353/298 306/343/288
f 282/354/296 283/332/277 300/335/280 299/355/293
f 291/352/297 293/356/299 310/357/300 308/353/298
f 293/358/299 292/346/291 309/347/292 310/359/300
f 286/339/284 284/350/295 301/349/294 303/340/285
f 250/360/74 362/148/125 361/150/127
f 363/149/126 362/148/125 250/360/74 404/361/73
f 259/362/77 360/153/130 488/154/131
f 361/150/127 360/153/130 259/362/77 250/360/74
f 258/189/165 253/191/167 263/363/105 252/364/104
f 262/365/79 413/161/137 392/162/138
f 488/154/131 413/161/137 262/365/79 259/362/77
f 264/366/81 257/165/141 426/166/142
f 392/162/138 257/165/141 264/366/81 262/365/79
f 266/367/83 425/175/151 423/176/152
f 426/166/142 425/175/151 266/367/83 264/366/81
f 263/363/105 253/191/167 417/192/168
f 243/368/85 422/179/155 420/180/156
f 423/176/152 422/179/155 243/368/85 266/367/83
f 366/204/179 365/207/182 404/361/73 247/369/108
f 404/361/73 365/207/182 363/149/126
f 401/197/173 261/203/178 247/369/108 244/370/107
f 247/369/108 261/203/178 366/204/179
f 407/195/171 406/196/172 244/370/107 248/371/106
f 244/370/107 406/196/172 401/197/173
f 420/180/156 419/188/164 252/364/104 243/368/85
f 417/192/168 408/194/170 248/371/106 263/363/105
f 248/371/106 408/194/170 407/195/171
f 252/364/104 419/188/164 258/189/165
f 234/372/301 236/373/302 388/374/303 297/375/304
f 236/373/302 238/376/305 391/377/306 388/374/303
f 231/378/307 232/379/308 295/380/309 294/381/310
f 238/376/305 240/382/311 394/383/312 391/377/306
f 240/382/311 242/384/313 378/385/314 394/383/312
f 242/386/313 241/387/315 370/388/316 378/389/314
f 241/387/315 239/390/317 462/391/318 370/388/316
f 239/390/317 237/392/319 389/393/320 462/391/318
f 237/392/319 235/394/321 267/395/322 389/393/320
f 232/379/308 234/372/301 297/375/304 295/380/309
f 235/394/321 233/396/323 296/397/324 267/395/322
f 233/396/323 231/398/307 294/399/310 296/397/324
f 300/335/280 302/334/279 369/109/90 485/108/89
f 299/355/293 300/335/280 485/108/89 483/112/93
f 301/349/294 299/348/293 483/115/93 487/114/95
f 303/340/285 301/349/294 487/114/95 245/118/97
f 302/334/279 304/337/282 249/111/92 369/109/90
f 305/341/286 303/340/285 245/118/97 251/120/99
f 307/345/290 305/341/286 251/120/99 372/123/102
f 309/347/292 307/345/290 372/123/102 311/124/103
f 304/337/282 306/343/288 364/122/101 249/111/92
f 306/343/288 308/353/298 387/106/87 364/122/101
f 308/353/298 310/357/300 313/107/88 387/106/87
f 310/359/300 309/347/292 311/124/103 313/125/88
f 219/69/42 220/68/55 319/400/325 318/401/326
f 221/55/43 219/54/42 318/402/326 320/403/327
f 220/68/55 222/77/61 321/404/328 319/400/325
f 223/83/67 221/55/43 320/403/327 334/405/329
f 222/77/61 224/81/65 337/406/330 321/404/328
f 225/89/72 223/83/67 334/405/329 344/407/331
f 224/81/65 226/82/66 345/408/332 337/406/330
f 227/88/71 225/89/72 344/407/331 348/409/333
f 226/82/66 228/84/68 350/410/334 345/408/332
f 229/86/70 227/88/71 348/409/333 351/411/335
f 228/84/68 230/85/69 354/412/336 350/410/334
f 230/87/69 229/86/70 351/411/335 354/413/336
f 318/401/326 319/400/325 232/379/308 231/378/307
f 320/403/327 318/402/326 231/398/307 233/396/323
f 319/400/325 321/404/328 234/372/301 232/379/308
f 334/405/329 320/403/327 233/396/323 235/394/321
f 321/404/328 337/406/330 236/373/302 234/372/301
f 344/407/331 334/405/329 235/394/321 237/392/319
f 337/406/330 345/408/332 238/376/305 236/373/302
f 348/409/333 344/407/331 237/392/319 239/390/317
f 345/408/332 350/410/334 240/382/311 238/376/305
f 351/411/335 348/409/333 239/390/317 241/387/315
f 350/410/334 354/412/336 242/384/313 240/382/311
f 354/413/336 351/411/335 241/387/315 242/386/313
f 452/414/270 375/415/269 461/416/337
f 461/416/337 402/417/204 459/418/207
f 461/416/337 375/415/269 454/419/272
f 402/417/204 461/416/337 460/420/205
f 461/416/337 464/421/220 456/422/223
f 461/416/337 421/423/266 460/420/205
f 421/423/266 461/416/337 458/424/267
f 454/419/272 464/421/220 461/416/337
f 461/416/337 355/425/263 452/414/270
f 355/425/263 461/416/337 450/426/244
f 461/416/337 347/427/241 450/426/244
f 347/427/241 461/416/337 449/428/218
f 461/416/337 352/429/215 449/428/218
f 352/429/215 461/416/337 451/430/197
f 461/416/337 254/431/194 451/430/197
f 254/431/194 461/416/337 453/432/195
f 461/416/337 411/433/273 453/432/195
f 411/433/273 461/416/337 455/434/274
f 461/416/337 57/435/268 458/424/267
f 57/435/268 461/416/337 456/422/223
f 461/416/337 53/436/276 455/434/274
f 53/436/276 461/416/337 457/437/257
f 461/416/337 435/438/251 457/437/257
f 435/438/251 461/416/337 459/418/207
f 294/381/310 295/380/309 393/439/338 385/440/339
f 296/397/324 294/399/310 385/441/339 399/442/340
f 295/380/309 297/375/304 502/443/341 393/439/338
f 267/395/322 296/397/324 399/442/340 269/444/342
f 297/375/304 388/374/303 398/445/343 502/443/341
f 389/393/320 267/395/322 269/444/342 400/446/344
f 388/374/303 391/377/306 403/447/345 398/445/343
f 462/391/318 389/393/320 400/446/344 405/448/346
f 391/377/306 394/383/312 384/449/347 403/447/345
f 370/388/316 462/391/318 405/448/346 346/450/348
f 394/383/312 378/385/314 356/451/349 384/449/347
f 378/389/314 370/388/316 346/450/348 356/452/349
f 385/440/339 393/439/338 283/332/277 282/354/296
f 399/442/340 385/441/339 282/351/296 284/350/295
f 393/439/338 502/443/341 285/333/278 283/332/277
f 269/444/342 399/442/340 284/350/295 286/339/284
f 542/453/350 148/454/351 147/455/352 105/456/353
f 561/457/354 536/458/355 537/459/356 546/460/357
f 536/458/355 561/457/354 562/461/358 541/462/359
f 148/454/351 542/453/350 524/463/360 149/464/361
f 167/465/362 135/466/363 115/467/364 503/468/365
f 561/457/354 544/469/366 549/470/367 562/461/358
f 162/471/368 533/472/369 146/473/370 161/474/371
f 166/475/372 527/476/373 529/477/374 535/478/375
f 168/479/376 158/480/377 154/481/378 171/482/379
f 523/483/380 525/484/381 527/476/373 166/475/372
f 542/453/350 172/485/382 174/486/383 524/463/360
f 162/471/368 164/487/384 159/488/385 163/489/386
f 533/472/369 162/471/368 163/489/386 136/490/387
f 115/467/364 135/466/363 136/490/387 163/489/386
f 156/491/388 144/492/389 541/462/359 562/461/358
f 144/492/389 156/491/388 157/493/390 165/494/391
f 544/469/366 561/457/354 546/460/357 152/495/392
f 560/496/393 158/480/377 105/456/353 147/455/352
f 538/497/394 150/498/395 149/464/361 524/463/360
f 150/498/395 538/497/394 540/499/396 528/500/397
f 545/501/398 119/502/399 528/500/397 540/499/396
f 119/502/399 545/501/398 546/460/357 537/459/356
f 503/468/365 115/467/364 121/503/400 552/504/401
f 156/491/388 554/505/402 558/506/403 157/493/390
f 527/476/373 525/484/381 171/482/379 154/481/378
f 554/505/402 156/491/388 562/461/358 549/470/367
f 172/485/382 542/453/350 105/456/353 169/507/404
f 529/477/374 527/476/373 154/481/378 145/508/405
f 538/497/394 531/509/406 522/510/407 540/499/396
f 531/509/406 538/497/394 524/463/360 174/486/383
f 545/501/398 151/511/408 152/495/392 546/460/357
f 160/512/409 120/513/410 165/494/391 157/493/390
f 120/513/410 160/512/409 161/474/371 146/473/370
f 164/487/384 162/471/368 161/474/371 143/514/411
f 151/511/408 545/501/398 540/499/396 522/510/407
f 160/512/409 563/515/412 143/514/411 161/474/371
f 158/480/377 560/496/393 145/508/405 154/481/378
f 563/515/412 160/512/409 157/493/390 558/506/403
f 121/503/400 115/467/364 163/489/386 159/488/385
f 158/480/377 168/479/376 169/507/404 105/456/353
f 167/465/362 552/516/401 155/517/413
f 534/518/414 523/519/380 535/478/375
f 167/465/362 503/520/365 552/516/401
f 166/521/372 535/478/375 523/519/380
f 142/522/415 544/469/366 152/495/392 513/523/416
f 152/495/392 151/511/408 170/524/417 513/523/416
f 153/525/418 164/487/384 143/514/411 514/526/419
f 159/488/385 164/487/384 153/525/418 516/527/420
f 559/528/421 121/503/400 159/488/385 516/527/420
f 171/482/379 525/484/381 173/529/422 519/530/423
f 174/486/383 172/485/382 543/531/424 517/532/425
f 549/470/367 544/469/366 142/522/415 520/533/426
f 554/505/402 126/534/427 521/535/428 558/506/403
f 563/515/412 84/536/429 514/526/419 143/514/411
f 547/537/430 168/479/376 171/482/379 519/530/423
f 169/507/404 168/479/376 547/537/430 518/538/431
f 84/536/429 563/515/412 558/506/403 521/535/428
f 539/539/432 531/509/406 174/486/383 517/532/425
f 522/510/407 531/509/406 539/539/432 515/540/433
f 543/531/424 172/485/382 169/507/404 518/538/431
f 30/541/434 532/542/435 173/529/422 534/543/414
f 173/529/422 532/542/435 510/544/436 519/530/423
f 126/534/427 553/545/437 512/546/438 521/535/428
f 553/545/437 126/534/427 520/533/426 511/547/439
f 142/522/415 551/548/440 511/547/439 520/533/426
f 551/548/440 142/522/415 513/523/416 504/549/441
f 84/536/429 555/550/442 505/551/443 514/526/419
f 555/550/442 84/536/429 521/535/428 512/546/438
f 170/524/417 550/552/444 504/549/441 513/523/416
f 550/552/444 170/524/417 515/540/433 506/553/445
f 153/525/418 556/554/446 507/555/447 516/527/420
f 556/554/446 153/525/418 514/526/419 505/551/443
f 539/539/432 548/556/448 506/553/445 515/540/433
f 548/556/448 539/539/432 517/532/425 508/557/449
f 557/558/450 559/528/421 516/527/420 507/555/447
f 557/558/450 38/559/451 155/560/413 559/528/421
f 543/531/424 530/561/452 508/557/449 517/532/425
f 530/561/452 543/531/424 518/538/431 509/562/453
f 547/537/430 526/563/454 509/562/453 518/538/431
f 526/563/454 547/537/430 519/530/423 510/544/436
f 525/484/381 523/483/380 534/543/414 173/529/422
f 170/524/417 151/511/408 522/510/407 515/540/433
f 552/504/401 121/503/400 559/528/421 155/560/413
f 126/534/427 554/505/402 549/470/367 520/533/426
f 575/564/455 564/565/456 566/566/457 587/567/458
f 587/567/458 566/566/457 567/568/459 595/569/460
f 568/570/461 581/571/462 577/572/463 571/573/464
f 580/574/465 570/575/466 571/573/464 577/572/463
f 583/576/467 569/577/468 568/570/461 579/578/469
f 595/569/460 567/568/459 580/574/465 586/579/470
f 588/580/471 582/581/472 590/582/473 564/583/456
f 581/571/462 572/584/474 574/585/475 577/572/463
f 593/586/476 571/573/464 570/575/466 589/587/477
f 586/579/470 580/574/465 577/572/463 574/585/475
f 569/577/468 591/588/478 581/571/462 568/570/461
f 567/568/459 592/589/479 570/575/466 580/574/465
f 585/590/480 592/589/479 584/591/481 565/592/482
f 582/581/472 588/580/471 591/588/478 569/577/468
f 578/593/483 590/582/473 582/581/472 576/594/484
f 592/589/479 567/568/459 566/566/457 584/591/481
f 564/565/456 590/595/473 584/591/481 566/566/457
f 589/587/477 570/575/466 592/589/479 585/590/480
f 565/592/482 584/591/481 590/595/473 578/596/483
f 579/578/469 568/570/461 571/573/464 593/586/476
f 576/594/484 582/581/472 569/577/468 583/576/467
f 572/584/474 581/571/462 591/588/478 573/597/485
f 564/583/456 575/598/455 594/599/486 588/580/471
f 573/597/485 591/588/478 588/580/471 594/599/486
f 89/600/487 90/601/488 50/602/489 106/603/490
f 45/604/491 44/605/492 77/606/493 62/607/494
f 78/608/495 77/606/493 44/605/492 49/609/496
f 31/610/497 50/602/489 90/601/488 93/611/498
f 107/612/499 116/613/500 127/614/501 9/615/502
f 65/616/503 60/617/504 77/606/493 78/608/495
f 85/618/505 40/619/506 102/620/507 101/621/508
f 36/622/509 34/623/510 124/624/511 42/625/512
f 92/626/513 98/627/514 128/628/515 131/629/516
f 34/623/510 32/630/517 29/631/518 124/624/511
f 140/632/519 132/633/520 50/602/489 31/610/497
f 99/634/521 81/635/522 102/620/507 103/636/523
f 103/636/523 102/620/507 40/619/506 117/637/524
f 117/637/524 116/613/500 107/612/499 103/636/523
f 49/609/496 122/638/525 96/639/526 78/608/495
f 97/640/527 96/639/526 122/638/525 123/641/528
f 62/607/494 77/606/493 60/617/504 87/642/529
f 106/603/490 98/627/514 76/643/530 89/600/487
f 93/611/498 94/644/531 46/645/532 31/610/497
f 48/646/533 46/645/532 94/644/531 35/647/534
f 35/647/534 110/648/535 61/649/536 48/646/533
f 62/607/494 61/649/536 110/648/535 45/604/491
f 112/650/537 107/612/499 9/615/502 68/651/538
f 74/652/539 70/653/540 96/639/526 97/640/527
f 131/629/516 32/630/517 34/623/510 92/626/513
f 78/608/495 96/639/526 70/653/540 65/616/503
f 106/603/490 50/602/489 132/633/520 129/654/541
f 92/626/513 34/623/510 36/622/509 83/655/542
f 28/656/543 141/657/544 46/645/532 48/646/533
f 31/610/497 46/645/532 141/657/544 140/632/519
f 87/642/529 82/658/545 61/649/536 62/607/494
f 123/641/528 111/659/546 100/660/547 97/640/527
f 101/621/508 100/660/547 111/659/546 85/618/505
f 101/621/508 102/620/507 81/635/522 80/661/548
f 48/646/533 61/649/536 82/658/545 28/656/543
f 80/661/548 79/662/549 100/660/547 101/621/508
f 83/655/542 76/643/530 98/627/514 92/626/513
f 97/640/527 100/660/547 79/662/549 74/652/539
f 103/636/523 107/612/499 112/650/537 99/634/521
f 129/654/541 128/628/515 98/627/514 106/603/490
f 49/609/496 44/605/492 536/458/355 541/462/359
f 35/647/534 94/644/531 150/498/395 528/500/397
f 149/464/361 150/498/395 94/644/531 93/611/498
f 93/611/498 90/601/488 148/454/351 149/464/361
f 147/455/352 148/454/351 90/601/488 89/600/487
f 123/641/528 122/638/525 144/492/389 165/494/391
f 136/490/387 135/466/363 116/613/500 117/637/524
f 541/462/359 144/492/389 122/638/525 49/609/496
f 528/500/397 119/502/399 110/648/535 35/647/534
f 45/604/491 110/648/535 119/502/399 537/459/356
f 89/600/487 76/643/530 560/496/393 147/455/352
f 145/508/405 560/496/393 76/643/530 83/655/542
f 165/494/391 120/513/410 111/659/546 123/641/528
f 116/613/500 135/466/363 167/465/362 127/614/501
f 85/618/505 111/659/546 120/513/410 146/473/370
f 537/459/356 536/458/355 44/605/492 45/604/491
f 42/625/512 535/478/375 529/477/374 36/622/509
f 146/473/370 533/472/369 40/619/506 85/618/505
f 83/655/542 36/622/509 529/477/374 145/508/405
f 502/443/341 398/445/343 287/336/281 285/333/278
f 117/637/524 40/619/506 533/472/369 136/490/387
f 400/446/344 269/444/342 286/339/284 288/338/283
f 398/445/343 403/447/345 289/342/287 287/336/281
f 405/448/346 400/446/344 288/338/283 290/344/289
f 403/447/345 384/449/347 291/352/297 289/342/287
f 346/450/348 405/448/346 290/344/289 292/346/291
f 384/449/347 356/451/349 293/356/299 291/352/297
f 356/452/349 346/450/348 292/346/291 293/358/299
f 139/663/550 39/664/551 113/665/552 41/666/553
f 16/667/554 39/664/551 139/663/550 25/668/555
f 18/669/556 69/670/557 114/671/558 27/672/559
f 26/673/560 114/671/558 69/670/557 17/674/561
f 17/674/561 67/675/562 118/676/563 26/673/560
f 19/677/564 118/676/563 67/675/562 10/678/565
f 11/679/566 71/680/567 104/681/568 20/682/569
f 27/672/559 104/681/568 71/680/567 18/669/556
f 10/678/565 66/683/570 130/684/571 19/677/564
f 21/685/572 130/684/571 66/683/570 12/686/573
f 13/687/574 72/688/575 88/689/576 22/690/577
f 20/682/569 88/689/576 72/688/575 11/679/566
f 12/686/573 64/691/578 47/692/579 21/685/572
f 23/693/580 47/692/579 64/691/578 14/694/581
f 22/690/577 75/695/582 73/696/583 13/687/574
f 95/697/584 137/698/585 73/696/583 75/695/582
f 14/694/581 37/699/586 52/700/587 23/693/580
f 24/701/588 52/700/587 37/699/586 15/702/589
f 15/702/589 33/703/590 63/704/591 24/701/588
f 25/668/555 63/704/591 33/703/590 16/667/554
f 42/625/512 29/705/518 41/706/553
f 535/478/375 42/625/512 41/706/553 534/518/414
f 510/544/436 532/542/435 39/707/551 16/708/554
f 550/552/444 506/553/445 12/709/573 66/710/570
f 508/557/449 530/561/452 37/711/586 14/712/581
f 530/561/452 509/562/453 15/713/589 37/711/586
f 532/542/435 30/541/434 113/714/552 39/707/551
f 506/553/445 548/556/448 64/715/578 12/709/573
f 526/563/454 510/544/436 16/708/554 33/716/590
f 509/562/453 526/563/454 33/716/590 15/713/589
f 548/556/448 508/557/449 14/712/581 64/715/578
f 38/559/451 557/558/450 73/717/583 137/718/585
f 557/558/450 507/555/447 13/719/574 73/717/583
f 507/555/447 556/554/446 72/720/575 13/719/574
f 556/554/446 505/551/443 11/721/566 72/720/575
f 505/551/443 555/550/442 71/722/567 11/721/566
f 555/550/442 512/546/438 18/723/556 71/722/567
f 512/546/438 553/545/437 69/724/557 18/723/556
f 553/545/437 511/547/439 17/725/561 69/724/557
f 511/547/439 551/548/440 67/726/562 17/725/561
f 551/548/440 504/549/441 10/727/565 67/726/562
f 504/549/441 550/552/444 66/710/570 10/727/565
f 42/625/512 124/728/511 29/705/518
f 129/654/541 132/633/520 52/700/587 24/701/588
f 41/666/553 29/631/518 32/630/517 139/663/550
f 28/656/543 82/658/545 130/684/571 21/685/572
f 65/616/503 70/653/540 114/671/558 26/673/560
f 87/642/529 60/617/504 118/676/563 19/677/564
f 130/684/571 82/658/545 87/642/529 19/677/564
f 80/661/548 81/635/522 88/689/576 20/682/569
f 88/689/576 81/635/522 99/634/521 22/690/577
f 99/634/521 112/650/537 75/695/582 22/690/577
f 75/695/582 112/650/537 68/651/538 95/697/584
f 139/663/550 32/630/517 131/629/516 25/668/555
f 52/700/587 132/633/520 140/632/519 23/693/580
f 118/676/563 60/617/504 65/616/503 26/673/560
f 27/672/559 114/671/558 70/653/540 74/652/539
f 20/682/569 104/681/568 79/662/549 80/661/548
f 131/629/516 128/628/515 63/704/591 25/668/555
f 63/704/591 128/628/515 129/654/541 24/701/588
f 74/652/539 79/662/549 104/681/568 27/672/559
f 140/632/519 141/657/544 47/692/579 23/693/580
f 47/692/579 141/657/544 28/656/543 21/685/572
f 95/729/584 68/730/538 127/614/501
f 9/731/502 127/614/501 68/730/538
f 167/465/362 155/517/413 95/729/584 127/614/501
f 30/732/434 534/518/414 41/706/553 113/733/552
f 155/517/413 38/734/451 137/735/585 95/729/584
f 186/736/35 175/38/30 177/37/29 198/737/592
f 198/737/592 177/37/29 178/27/19 206/738/593
f 179/26/18 192/25/17 188/21/13 182/16/8
f 191/20/12 181/17/9 182/16/8 188/21/13
f 194/42/32 180/23/15 179/26/18 190/41/31
f 206/738/593 178/27/19 191/20/12 197/19/11
f 199/33/25 193/32/24 201/35/27 175/45/30
f 192/25/17 183/43/33 185/22/14 188/21/13
o Globe.001
v 2.704785 36.574989 4.138782
v 1.394452 7.855847 -1.035714
v 6.784765 35.643856 2.025216
v 1.813925 37.042133 -2.986553
v 7.530975 13.107718 -8.732969
v 4.513126 12.537856 -10.081120
v 1.232710 12.272398 -10.727704
v -1.878707 10.064144 -7.862029
v -4.721185 10.390722 -7.134717
v -7.290292 10.977044 -5.803837
v -9.436715 11.789037 -3.946727
v -11.035714 12.779510 -1.671317
v -11.994358 13.890901 0.890155
v -12.256941 15.058619 3.588822
v -11.808196 16.214800 6.267850
v -10.674206 17.292250 8.771543
v 2.617218 16.128338 12.977557
v 6.697198 15.197203 10.863992
v 9.236559 13.624238 7.250425
v 9.653563 11.769793 2.964687
v 7.852678 10.058696 -1.011417
v 4.246468 8.882940 -3.767006
v -1.889499 7.909104 -0.945047
v -0.995179 8.062858 2.481115
v -4.748797 8.561654 0.536164
v 0.695937 8.035433 2.434423
v -6.528401 9.664006 3.068587
v 2.218317 8.322903 3.114508
v -8.920874 18.228359 10.954401
v -2.467613 8.398899 3.243884
v -2.196717 35.913589 -6.696542
v 2.401115 36.569687 -4.501865
v -2.540728 35.636520 -6.709506
v 0.163558 37.080341 -3.342737
v 1.665843 36.879345 -4.424203
v -1.014819 35.405849 -7.859388
v 1.083910 35.380005 -7.898374
v -0.415648 37.118492 -3.891610
v 2.367841 36.065498 -6.299916
v -2.043088 36.667553 -4.950889
v -2.236416 15.187531 -12.796184
v -0.024969 8.969598 5.794338
v 0.285788 37.434330 0.967210
v -2.771473 36.671070 -3.890356
v 3.449339 37.070866 0.157748
v -5.665103 15.581459 -11.918882
v 1.322761 15.129808 -12.894451
v -2.119618 12.326764 -10.635148
v -8.764041 16.288702 -10.313527
v 2.254246 26.757635 14.013315
v 5.682933 26.363705 13.136012
v 8.781867 25.656466 11.530659
v 11.370950 24.677015 9.290558
v 13.299712 23.482277 6.545888
v -11.353122 17.268150 -8.073426
v 14.456060 22.141682 3.456162
v -6.650095 18.968712 12.689552
v 10.639683 12.427984 -2.269760
v 8.886342 11.491877 -4.452615
v 6.615565 10.751522 -6.187768
v 3.959310 10.249945 -7.374381
v 1.071952 10.016291 -7.943491
v -0.338930 8.511879 -4.670807
v -4.853058 9.030516 -3.515773
v -8.261780 10.320038 -0.566506
v -9.784200 12.085030 3.501351
v -9.071551 13.921155 7.755901
v -6.287093 15.407779 11.222480
v -2.068710 16.204332 13.106933
v 3.336344 35.277138 -7.054410
v -4.522683 23.013363 14.062250
v -1.242269 23.278824 14.708836
v 2.110064 23.224459 14.616281
v 5.339485 22.853422 13.789963
v 8.258323 22.187284 12.277907
v 10.696939 21.264755 10.167992
v -3.993840 19.470291 13.876165
v -1.106479 19.703943 14.445275
v 12.513613 20.139450 7.582833
v 13.602754 18.876766 4.672672
v -6.820642 10.963619 6.072077
v 3.480395 9.522058 5.901001
v -5.558563 12.162773 8.858571
v -1.583163 10.677666 8.524093
v -3.031300 12.986755 10.789716
v 1.700786 10.624407 8.433425
v 0.182200 13.246799 11.423107
v -2.884612 10.253345 7.529622
v 3.345751 12.883333 10.613648
v 3.223206 8.859413 4.365568
v 5.734617 11.979622 8.546773
v -3.534536 9.635822 6.094679
v 13.901079 17.550091 1.606636
v 13.391248 16.236519 -1.437087
v 12.102888 15.012393 -4.281608
v 14.772797 20.733147 0.200945
v 10.110879 13.948855 -6.761613
v 14.231507 19.338524 -3.030583
v 12.863649 18.038868 -6.050616
v 0.932406 8.220017 3.923376
v -0.513641 9.896473 7.787178
v 10.748725 16.909708 -8.683643
v -13.281885 18.462891 -5.328754
v 2.170536 8.881050 5.464799
v 1.844180 19.656090 14.363811
v -2.083016 9.461622 6.765693
v -1.187678 35.051933 -8.048425
v 9.324124 34.070892 -1.588351
v 0.652080 34.907856 -8.363486
v 1.843428 35.132820 -7.831284
v 5.838204 36.167152 -1.909127
v 2.831073 36.071220 -5.650700
v -14.438232 19.803482 -2.239029
v -3.421397 36.053547 -5.325300
v -1.131442 36.975548 -3.597986
v 6.905128 34.930229 -4.759923
v 3.044104 36.576752 -4.050920
v 1.438429 36.933872 -3.668940
v 6.405696 33.643452 -7.741555
v -2.370058 36.489822 -4.733877
v -14.754968 21.212021 1.016188
v -3.270905 35.384293 -6.871988
v 2.629808 35.552666 -6.852261
v -14.213678 22.606642 4.247716
v -12.845822 23.906300 7.267749
v 4.454323 32.601616 -10.170971
v -5.349044 12.697802 -9.808830
v -8.267879 13.363939 -8.296778
v 0.184810 37.229301 -2.569710
v -10.706492 14.286469 -6.186855
v -12.523163 15.411774 -3.601698
v -13.612310 16.674456 -0.691536
v -13.910635 18.001133 2.374500
v -13.400803 19.314707 5.418224
v -12.112445 20.538832 8.262746
v -10.120430 21.602367 10.742750
v 4.686658 19.329512 13.636502
v -10.730898 25.035460 9.900779
v -7.540531 22.443506 12.714107
v 1.498039 32.043381 -11.491616
v -7.991812 25.928499 11.993773
v -1.302153 8.322273 3.506399
v -2.354474 34.816628 -8.176095
v 8.009641 16.016668 -10.776641
v 1.323954 10.204210 7.885884
v 4.805584 15.411649 -12.207969
v -2.484533 9.760165 6.820946
v 2.515333 8.823008 4.702562
v 7.255763 18.743191 12.305620
v -2.231167 8.734564 5.082326
v 9.402186 17.931198 10.448509
v 9.741128 32.216446 -5.874090
v 11.001184 16.940723 8.173102
v 2.286640 9.840028 7.052958
v -2.655203 8.906862 4.845318
v 0.537605 8.178197 3.191336
v 7.940244 30.505352 -9.850190
v 1.728953 8.403160 3.723539
v 4.334035 29.329596 -12.605783
v 2.716598 9.341561 5.904124
v -1.245916 10.245888 7.956837
v -1.785911 32.096638 -11.400946
v -0.882040 34.480583 -8.938863
v -4.645209 32.749191 -9.919738
v 0.809076 34.453156 -8.985556
v -6.424814 33.851540 -7.387314
v 2.331456 34.740627 -8.305470
v -6.717054 35.151154 -4.383824
v 0.049083 10.350681 8.212087
v 3.593534 35.939781 -5.518976
v 1.493576 9.665860 7.273588
v -1.091438 8.244937 3.960971
v 11.959836 15.829332 5.611629
v -5.454976 36.350307 -1.597330
v -1.470024 37.095390 -2.895885
v -4.787756 26.533518 13.425102
v -2.927712 37.174286 0.333816
v 12.222411 14.661617 2.912962
v 11.773668 13.505436 0.233934
v -1.304931 26.815355 14.111579
v -2.222315 18.480085 -14.219507
v 0.099738 36.237469 -5.994472
v -5.651002 18.874014 -13.342206
v -8.749939 19.581257 -11.736850
v -11.339021 20.560707 -9.496745
v -13.267784 21.755447 -6.752078
v -14.424132 23.096039 -3.662351
v -14.740865 24.504576 -0.407134
v -14.199577 25.899200 2.824395
v -12.831720 27.198853 5.844428
v -10.716797 28.328014 8.477457
v -7.977712 29.221054 10.570452
v -4.773655 29.826075 12.001779
v -1.290830 30.107914 12.688258
v 2.268347 30.050192 12.589993
v 5.697033 29.656261 11.712690
v 8.795968 28.949022 10.107339
v 11.385052 27.969572 7.867236
v 13.313813 26.774834 5.122567
v 14.470162 25.434238 2.032841
v 14.786898 24.025702 -1.222377
v 14.245608 22.631079 -4.453905
v 12.877751 21.331423 -7.473938
v 10.762827 20.202263 -10.106965
v 8.023742 19.309223 -12.199964
v 4.819685 18.704205 -13.631290
v 1.336862 18.422363 -14.317774
v -2.078133 22.013264 -14.822472
v -5.307560 22.384296 -13.996156
v -8.226395 23.050436 -12.484101
v -10.665009 23.972967 -10.374181
v -12.481679 25.098270 -7.789022
v -13.570825 26.360954 -4.878861
v -13.869150 27.687632 -1.812825
v -13.359320 29.001205 1.230899
v -12.070960 30.225327 4.075419
v -10.078944 31.288864 6.555424
v -7.499046 32.130005 8.526780
v -4.481199 32.699860 9.874927
v -1.200785 32.965321 10.521512
v 2.151548 32.910954 10.428958
v 5.380969 32.539921 9.602641
v 8.299807 31.873781 8.090585
v 10.738422 30.951252 5.980667
v 12.555096 29.825947 3.395509
v 13.644237 28.563267 0.485348
v 13.942564 27.236588 -2.580688
v 13.432732 25.923014 -5.624413
v 12.144372 24.698891 -8.468932
v 10.152364 23.635353 -10.948936
v 7.572461 22.794214 -12.920295
v 4.554610 22.224356 -14.268445
v 1.274195 21.958897 -14.915030
v -1.812250 25.581631 -14.570002
v -4.654729 25.908211 -13.842690
v -7.223836 26.494532 -12.511809
v -9.370259 27.306526 -10.654699
v -10.969258 28.296999 -8.379291
v -11.927902 29.408388 -5.817818
v -12.190485 30.576105 -3.119151
v -11.741740 31.732286 -0.440122
v -10.607748 32.809738 2.063571
v -8.854417 33.745842 4.246427
v -6.583637 34.486202 5.981579
v -3.927383 34.987778 7.168193
v -1.040023 35.221428 7.737303
v 1.910637 35.173576 7.655837
v 4.753115 34.847000 6.928528
v 7.322219 34.260677 5.597648
v 9.468643 33.448685 3.740539
v 11.067638 32.458210 1.465130
v 12.026293 31.346823 -1.096344
v 12.288869 30.179104 -3.795010
v 11.840124 29.022923 -6.474038
v 10.706141 27.945469 -8.977734
v 8.952798 27.009365 -11.160589
v 6.682022 26.269011 -12.895742
v 4.025766 25.767431 -14.082354
v 1.138409 25.533779 -14.651465
v -0.251364 28.958532 -13.509583
v -4.765491 29.477169 -12.354548
v 6.801539 10.742701 5.695978
v -8.174213 30.766691 -9.405284
v 2.930965 10.159029 7.369060
v -9.696632 32.531685 -5.337426
v 6.302108 9.455922 2.714344
v -8.983984 34.367809 -1.082874
v -3.384044 8.966568 4.547990
v -6.199526 35.854435 2.383703
v 4.350736 8.414083 0.284930
v -1.981143 36.650990 4.268157
v 0.071671 10.811578 8.850267
vn 0.1342 -0.7850 0.6048
vn 0.2317 -0.8218 0.5205
vn 0.3971 -0.7060 0.5864
vn 0.2313 -0.6433 0.7299
vn 0.2753 -0.8723 0.4042
vn 0.4712 -0.7919 0.3885
vn -0.1200 -0.9744 0.1900
vn -0.2490 -0.9193 0.3048
vn -0.3220 -0.9064 0.2733
vn -0.1493 -0.9788 0.1402
vn 0.2549 -0.9248 0.2825
vn 0.4365 -0.8812 0.1815
vn 0.1752 -0.9673 0.1834
vn 0.3010 -0.9535 0.0129
vn 0.0039 0.9178 -0.3969
vn -0.0673 0.9899 -0.1245
vn 0.1800 0.9607 -0.2115
vn 0.2563 0.8711 -0.4189
vn 0.0503 -0.9894 0.1364
vn 0.0958 -0.9923 -0.0788
vn -0.0833 -0.9865 0.1408
vn -0.1321 -0.9886 -0.0725
vn 0.2818 -0.9295 -0.2379
vn 0.5220 -0.8512 -0.0543
vn -0.0237 -0.9542 -0.2983
vn -0.1875 -0.9625 0.1960
vn -0.3306 -0.9433 0.0303
vn -0.2535 -0.9181 0.3047
vn -0.4542 -0.8668 0.2061
vn -0.2766 -0.8612 0.4264
vn -0.4744 -0.7765 0.4146
vn -0.2314 -0.8157 0.5302
vn -0.3868 -0.6933 0.6080
vn -0.1249 -0.7839 0.6082
vn -0.2114 -0.6361 0.7421
vn 0.0051 -0.7703 0.6377
vn 0.0117 -0.6181 0.7861
vn -0.0654 -0.7889 0.6110
vn -0.0033 -0.7478 0.6639
vn -0.1471 -0.7434 0.6524
vn -0.0044 -0.9180 0.3965
vn -0.0888 0.2823 0.9552
vn 0.1504 0.2785 0.9486
vn 0.1514 0.4994 0.8531
vn -0.0878 0.5034 0.8596
vn -0.2973 0.9230 -0.2443
vn -0.2239 0.9467 -0.2316
vn -0.1173 0.9810 -0.1547
vn -0.1551 0.9863 -0.0570
vn 0.3425 0.8695 -0.3559
vn 0.2828 0.8900 -0.3576
vn 0.2624 0.8375 -0.4793
vn 0.3213 0.8150 -0.4823
vn 0.0127 0.9922 -0.1242
vn 0.0022 0.9983 -0.0580
vn 0.2830 0.9392 -0.1943
vn 0.1819 0.9776 -0.1060
vn 0.2116 0.7556 -0.6199
vn 0.1064 0.7805 -0.6160
vn -0.1567 0.7550 -0.6367
vn -0.1287 0.7892 -0.6006
vn 0.0702 0.7155 -0.6951
vn 0.3809 0.2519 0.8897
vn 0.3818 0.4731 0.7940
vn -0.1435 -0.6917 -0.7078
vn -0.3605 -0.6668 -0.6522
vn -0.3818 -0.4730 -0.7941
vn -0.1514 -0.4994 -0.8530
vn -0.5567 -0.6220 -0.5506
vn -0.5901 -0.4252 -0.6863
vn 0.5891 0.2039 0.7819
vn 0.5901 0.4253 0.6862
vn 0.7631 0.1384 0.6313
vn 0.7641 0.3596 0.5356
vn 0.8927 0.0581 0.4468
vn 0.8937 0.2792 0.3513
vn -0.7206 -0.5600 -0.4088
vn -0.7641 -0.3596 -0.5356
vn -0.8427 -0.4844 -0.2351
vn -0.8937 -0.2794 -0.3511
vn 0.9705 -0.0319 0.2391
vn 0.9714 0.1892 0.1435
vn -0.9159 -0.3995 -0.0395
vn -0.9714 -0.1891 -0.1436
vn 0.9918 -0.1265 0.0203
vn 0.9927 0.0944 -0.0752
vn -0.9359 -0.3104 0.1665
vn -0.9927 -0.0941 0.0750
vn -0.9016 -0.2221 0.3711
vn -0.9563 -0.0008 0.2924
vn -0.8151 -0.1398 0.5622
vn -0.8644 0.0865 0.4954
vn -0.6812 -0.0684 0.7289
vn -0.7222 0.1624 0.6723
vn 0.9554 -0.2204 -0.1968
vn 0.9563 0.0007 -0.2923
vn -0.5078 -0.0118 0.8614
vn -0.5382 0.2227 0.8129
vn -0.3050 0.0265 0.9520
vn -0.3228 0.2631 0.9092
vn 0.8634 -0.3077 -0.3998
vn 0.8644 -0.0865 -0.4954
vn -0.0846 0.0443 0.9954
vn 0.7213 -0.3838 -0.5766
vn 0.7222 -0.1625 -0.6723
vn 0.5372 -0.4437 -0.7173
vn 0.5382 -0.2227 -0.8129
vn 0.1407 0.0406 0.9892
vn 0.3219 -0.4843 -0.8135
vn 0.3228 -0.2631 -0.9091
vn 0.3578 0.0157 0.9337
vn 0.0878 -0.5035 -0.8595
vn 0.0888 -0.2823 -0.9552
vn -0.1504 -0.2781 -0.9487
vn 0.2392 0.9405 -0.2413
vn 0.5539 -0.0291 0.8321
vn 0.7178 -0.0911 0.6903
vn 0.1417 0.9774 -0.1571
vn 0.1828 0.7950 -0.5784
vn -0.0757 0.7790 -0.6224
vn -0.1800 0.8035 -0.5674
vn 0.0579 0.7768 -0.6271
vn -0.2459 0.8527 -0.4608
vn -0.3552 0.8020 -0.4803
vn -0.2691 0.9026 -0.3361
vn -0.3244 -0.9197 -0.2211
vn -0.3163 -0.8294 -0.4606
vn -0.1250 -0.8513 -0.5095
vn -0.4853 -0.7908 -0.3730
vn -0.5516 -0.8338 -0.0247
vn -0.6297 -0.7361 -0.2480
vn -0.7349 -0.6710 -0.0984
vn -0.6530 -0.7162 0.2464
vn -0.7994 -0.5962 0.0740
vn -0.8167 -0.5194 0.2515
vn -0.6055 -0.5939 0.5298
vn -0.7865 -0.4416 0.4318
vn -0.7119 -0.3707 0.5964
vn -0.4200 -0.4948 0.7608
vn -0.5939 -0.3077 0.7434
vn -0.4446 -0.2590 0.8575
vn -0.1390 -0.4417 0.8863
vn -0.2658 -0.2253 0.9373
vn -0.0759 -0.2099 0.9748
vn 0.1732 -0.4468 0.8777
vn 0.4451 -0.5088 0.7369
vn 0.6143 -0.6136 0.4961
vn 0.6420 -0.7372 0.2106
vn 0.2249 -0.9078 0.3541
vn 0.2864 -0.9175 0.2760
vn 0.3062 -0.8663 0.3946
vn -0.2211 -0.8473 0.4829
vn -0.2776 -0.8226 0.4963
vn 0.0895 -0.9804 0.1756
vn 0.0558 -0.9950 0.0825
vn 0.1878 -0.9703 0.1524
vn 0.2526 -0.8033 0.5393
vn 0.1577 -0.7671 0.6218
vn 0.8399 -0.1667 0.5166
vn 0.0690 -0.8545 -0.5149
vn 0.2634 -0.8388 -0.4766
vn 0.9131 -0.2515 0.3210
vn 0.9331 -0.3407 0.1149
vn 0.8989 -0.4288 -0.0897
vn 0.8123 -0.5113 -0.2808
vn 0.6784 -0.5827 -0.4474
vn 0.5050 -0.6392 -0.5799
vn 0.3022 -0.6775 -0.6706
vn 0.0818 -0.6954 -0.7140
vn 0.1555 -0.8263 0.5413
vn 0.1227 -0.2131 0.9693
vn 0.3096 -0.2346 0.9215
vn 0.4826 -0.2741 0.8319
vn 0.6237 -0.3275 0.7098
vn 0.7313 -0.3941 0.5566
vn 0.7944 -0.4672 0.3882
vn 0.8121 -0.5458 0.2065
vn 0.7825 -0.6219 0.0303
vn 0.7062 -0.6944 -0.1382
vn 0.5909 -0.7559 -0.2817
vn 0.4381 -0.8058 -0.3985
vn -0.3808 -0.2516 -0.8898
vn -0.3578 -0.0157 -0.9337
vn -0.1407 -0.0406 -0.9892
vn -0.5891 -0.2044 -0.7818
vn -0.5539 0.0291 -0.8321
vn -0.7631 -0.1384 -0.6313
vn -0.7178 0.0911 -0.6903
vn -0.8927 -0.0581 -0.4468
vn -0.8399 0.1667 -0.5166
vn -0.9705 0.0316 -0.2390
vn -0.9130 0.2516 -0.3210
vn -0.9917 0.1266 -0.0204
vn -0.9331 0.3407 -0.1149
vn -0.9554 0.2204 0.1968
vn -0.8989 0.4289 0.0896
vn -0.8634 0.3076 0.3998
vn -0.8123 0.5112 0.2808
vn -0.7213 0.3837 0.5767
vn -0.6784 0.5827 0.4474
vn -0.5372 0.4437 0.7173
vn -0.5050 0.6392 0.5799
vn -0.3219 0.4840 0.8137
vn -0.3022 0.6775 0.6705
vn -0.0818 0.6954 0.7140
vn 0.1435 0.6917 0.7078
vn 0.3606 0.6667 0.6523
vn 0.5567 0.6220 0.5506
vn 0.7206 0.5600 0.4088
vn 0.8427 0.4844 0.2351
vn 0.9158 0.3996 0.0395
vn 0.9359 0.3104 -0.1665
vn 0.9016 0.2221 -0.3711
vn 0.8151 0.1398 -0.5622
vn 0.6812 0.0684 -0.7289
vn 0.5078 0.0118 -0.8614
vn 0.3050 -0.0265 -0.9520
vn 0.0846 -0.0443 -0.9954
vn -0.3118 0.2350 -0.9206
vn -0.1204 0.2130 -0.9696
vn -0.4807 0.2735 -0.8331
vn -0.6252 0.3282 -0.7081
vn -0.7303 0.3933 -0.5585
vn -0.7949 0.4681 -0.3861
vn -0.8121 0.5449 -0.2086
vn -0.7819 0.6227 -0.0283
vn -0.7074 0.6936 0.1363
vn -0.5893 0.7566 0.2833
vn -0.4400 0.8053 0.3974
vn -0.2612 0.8390 0.4773
vn -0.0714 0.8544 0.5147
vn 0.1273 0.8512 0.5092
vn 0.3142 0.8297 0.4614
vn 0.4871 0.7902 0.3718
vn 0.6283 0.7369 0.2497
vn 0.7359 0.6702 0.0965
vn 0.7989 0.5971 -0.0719
vn 0.8166 0.5185 -0.2536
vn 0.7871 0.4425 -0.4298
vn 0.7108 0.3699 -0.5983
vn 0.5955 0.3084 -0.7418
vn 0.4426 0.2585 -0.8586
vn 0.2680 0.2256 -0.9367
vn 0.0736 0.2098 -0.9750
vn -0.3185 0.4713 -0.8224
vn -0.0177 0.4367 -0.8994
vn -0.5456 0.5572 -0.6260
vn -0.6471 0.6748 -0.3549
vn -0.5995 0.7971 -0.0715
vn -0.4140 0.8962 0.1594
vn -0.1330 0.9492 0.2850
vn 0.1792 0.9442 0.2764
vn 0.4510 0.8822 0.1356
vn 0.6202 0.7774 -0.1052
vn 0.6480 0.6538 -0.3907
vn 0.5280 0.5398 -0.6556
vn 0.2878 0.4614 -0.8392
vn -0.1252 0.6254 -0.7702
vn -0.3237 0.6707 -0.6674
vn -0.4472 0.7472 -0.4916
vn -0.4675 0.8374 -0.2831
vn -0.3799 0.9207 -0.0897
vn -0.2045 0.9779 0.0444
vn 0.0186 0.9959 0.0883
vn 0.2382 0.9707 0.0322
vn 0.4040 0.9080 -0.1113
vn 0.4781 0.8221 -0.3092
vn 0.4433 0.7328 -0.5162
vn 0.3080 0.6604 -0.6848
vn 0.1027 0.6217 -0.7765
vn -0.2766 0.8391 -0.4684
vn -0.2424 0.9313 -0.2717
vt 0.554091 0.279121
vt 0.626260 0.279229
vt 0.629160 0.321436
vt 0.556808 0.321540
vt 0.698525 0.279132
vt 0.701927 0.321433
vt 0.489178 0.101944
vt 0.463847 0.106998
vt 0.459238 0.100384
vt 0.490201 0.094098
vt 0.770822 0.279339
vt 0.775804 0.321041
vt 0.845724 0.279038
vt 0.852403 0.319470
vt 0.525805 0.051803
vt 0.522061 0.086256
vt 0.495311 0.068304
vt 0.494903 0.036081
vt 0.919326 0.281275
vt 0.930754 0.330852
vt 0.987982 0.290198
vt 0.987982 0.352294
vt 0.888846 0.374381
vt 0.813707 0.372884
vt 0.954111 0.413786
vt 0.051599 0.290143
vt 0.114816 0.281471
vt 0.118193 0.322464
vt 0.052632 0.351844
vt 0.193014 0.279803
vt 0.193812 0.321029
vt 0.269535 0.280294
vt 0.267460 0.321943
vt 0.338888 0.279989
vt 0.340842 0.322148
vt 0.409755 0.278549
vt 0.412759 0.321522
vt 0.482290 0.279389
vt 0.484511 0.321433
vt 0.458739 0.159388
vt 0.460186 0.172358
vt 0.446077 0.156865
vt 0.484421 0.136118
vt 0.467592 0.593196
vt 0.503596 0.593193
vt 0.503602 0.669067
vt 0.467598 0.669065
vt 0.300421 0.989215
vt 0.338879 0.982263
vt 0.409768 0.983718
vt 0.408639 0.989215
vt 0.697218 0.989215
vt 0.698535 0.983123
vt 0.770847 0.982923
vt 0.769363 0.989215
vt 0.482329 0.982858
vt 0.480784 0.989215
vt 0.483195 0.041848
vt 0.483478 0.062676
vt 0.493389 0.081120
vt 0.509695 0.011214
vt 0.521185 0.017463
vt 0.492685 0.023223
vt 0.510714 0.092704
vt 0.556416 0.022442
vt 0.550667 0.027879
vt 0.530447 0.008408
vt 0.539739 0.593186
vt 0.539744 0.669073
vt 0.034662 0.537977
vt 0.073556 0.525219
vt 0.073485 0.595679
vt 0.034662 0.600073
vt 0.109130 0.520217
vt 0.109735 0.594026
vt 0.575741 0.593180
vt 0.575748 0.669078
vt 0.611882 0.593165
vt 0.611889 0.669093
vt 0.647861 0.593148
vt 0.647868 0.669111
vt 0.144767 0.518442
vt 0.145031 0.593311
vt 0.180228 0.517824
vt 0.180368 0.593146
vt 0.683952 0.593099
vt 0.683960 0.669161
vt 0.215897 0.517555
vt 0.215848 0.593167
vt 0.719787 0.593037
vt 0.719795 0.669224
vt 0.251270 0.517657
vt 0.251630 0.593122
vt 0.287462 0.517801
vt 0.287379 0.593137
vt 0.323179 0.517893
vt 0.323403 0.593175
vt 0.359475 0.517957
vt 0.359343 0.593190
vt 0.755623 0.592919
vt 0.755630 0.669342
vt 0.395287 0.517975
vt 0.395462 0.593199
vt 0.431603 0.517981
vt 0.431456 0.593197
vt 0.790984 0.592891
vt 0.790990 0.669371
vt 0.467443 0.517967
vt 0.826326 0.593154
vt 0.826333 0.669108
vt 0.861519 0.593594
vt 0.861525 0.668669
vt 0.503754 0.517947
vt 0.897089 0.594420
vt 0.897096 0.667844
vt 0.539585 0.517929
vt 0.933453 0.596179
vt 0.933465 0.666086
vt 0.972547 0.600073
vt 0.972570 0.662183
vt 0.625074 0.989215
vt 0.626282 0.983027
vt 0.575907 0.517900
vt 0.611729 0.517866
vt 0.552929 0.989215
vt 0.554110 0.983138
vt 0.845769 0.983210
vt 0.841508 0.989215
vt 0.109503 0.989148
vt 0.051623 0.972112
vt 0.114839 0.980785
vt 0.913653 0.989215
vt 0.919346 0.980984
vt 0.988006 0.972058
vt 0.974274 0.988773
vt 0.193035 0.982452
vt 0.192203 0.989215
vt 0.269535 0.981960
vt 0.015116 0.415047
vt 0.089914 0.388248
vt 0.069667 0.457679
vt 0.034662 0.475882
vt 0.107270 0.451126
vt 0.158765 0.374124
vt 0.144049 0.447007
vt 0.179790 0.444421
vt 0.231940 0.375149
vt 0.214860 0.444511
vt 0.251539 0.444896
vt 0.304783 0.375682
vt 0.286885 0.445133
vt 0.323541 0.445318
vt 0.377304 0.376082
vt 0.358995 0.445435
vt 0.395654 0.445547
vt 0.449306 0.375889
vt 0.431213 0.445515
vt 0.467814 0.445453
vt 0.521399 0.375714
vt 0.593713 0.375684
vt 0.666183 0.375506
vt 0.739231 0.374935
vt 0.515298 0.151892
vt 0.527006 0.146133
vt 0.517508 0.164754
vt 0.449133 0.131287
vt 0.441465 0.129601
vt 0.514926 0.119685
vt 0.516813 0.106870
vt 0.526733 0.125312
vt 0.625050 0.273041
vt 0.697195 0.273041
vt 0.552905 0.273041
vt 0.769340 0.273041
vt 0.841485 0.273041
vt 0.480760 0.273041
vt 0.109480 0.273108
vt 0.913630 0.273041
vt 0.974251 0.273483
vt 0.648061 0.517800
vt 0.933892 0.464726
vt 0.898019 0.451686
vt 0.683842 0.517697
vt 0.972547 0.475882
vt 0.720151 0.517468
vt 0.755718 0.517165
vt 0.791777 0.516809
vt 0.826556 0.516828
vt 0.861389 0.518360
vt 0.896556 0.521962
vt 0.933792 0.527941
vt 0.972547 0.537977
vt 0.192180 0.273041
vt 0.300398 0.273041
vt 0.408615 0.273041
vt 0.488980 0.170489
vt 0.500485 0.176760
vt 0.479737 0.179573
vt 0.503349 0.445416
vt 0.539966 0.445349
vt 0.575484 0.445323
vt 0.612154 0.445259
vt 0.647680 0.445189
vt 0.684419 0.444976
vt 0.719874 0.444716
vt 0.756773 0.444047
vt 0.791918 0.443279
vt 0.828767 0.442791
vt 0.863483 0.443721
vt 0.073498 0.666569
vt 0.073578 0.737039
vt 0.034685 0.724279
vt 0.034685 0.662183
vt 0.109743 0.668225
vt 0.109150 0.742038
vt 0.145038 0.668942
vt 0.144784 0.743811
vt 0.180375 0.669108
vt 0.180245 0.744430
vt 0.215855 0.669089
vt 0.215914 0.744699
vt 0.251638 0.669135
vt 0.251288 0.744598
vt 0.287387 0.669122
vt 0.287481 0.744456
vt 0.323411 0.669085
vt 0.323198 0.744368
vt 0.359351 0.669071
vt 0.359493 0.744307
vt 0.395469 0.669063
vt 0.395303 0.744289
vt 0.431462 0.669065
vt 0.431619 0.744284
vt 0.467458 0.744297
vt 0.503768 0.744314
vt 0.539599 0.744329
vt 0.575923 0.744356
vt 0.611747 0.744389
vt 0.648080 0.744457
vt 0.683861 0.744563
vt 0.720170 0.744796
vt 0.755735 0.745099
vt 0.791793 0.745455
vt 0.826572 0.745435
vt 0.861406 0.743902
vt 0.896575 0.740297
vt 0.933815 0.734313
vt 0.972570 0.724279
vt 0.069690 0.804579
vt 0.034685 0.786375
vt 0.107292 0.811131
vt 0.144071 0.815247
vt 0.179811 0.817831
vt 0.214881 0.817740
vt 0.251560 0.817357
vt 0.286905 0.817124
vt 0.323562 0.816943
vt 0.359015 0.816831
vt 0.395675 0.816720
vt 0.431234 0.816752
vt 0.467835 0.816813
vt 0.503370 0.816847
vt 0.539987 0.816908
vt 0.575504 0.816929
vt 0.612175 0.816991
vt 0.647701 0.817066
vt 0.684440 0.817285
vt 0.719895 0.817549
vt 0.756795 0.818219
vt 0.791940 0.818986
vt 0.828789 0.819473
vt 0.863505 0.818539
vt 0.898043 0.810570
vt 0.933915 0.797528
vt 0.972570 0.786375
vt 0.089936 0.874009
vt 0.015139 0.847208
vt 0.158786 0.888129
vt 0.231957 0.887100
vt 0.304801 0.886576
vt 0.377323 0.886185
vt 0.449326 0.886378
vt 0.521422 0.886546
vt 0.593735 0.886563
vt 0.666202 0.886752
vt 0.739253 0.887330
vt 0.813730 0.889380
vt 0.888872 0.887875
vt 0.954134 0.848470
vt 0.052656 0.910413
vt 0.118214 0.939792
vt 0.193827 0.941223
vt 0.267468 0.940308
vt 0.340854 0.940112
vt 0.412774 0.940745
vt 0.484533 0.940826
vt 0.556837 0.940712
vt 0.629175 0.940818
vt 0.701945 0.940826
vt 0.775824 0.941222
vt 0.852429 0.942786
vt 0.930784 0.931401
vt 0.988006 0.909962
vt 0.569518 0.051193
vt 0.561457 0.051348
vt 0.531539 0.095021
vt 0.556313 0.082738
vt 0.550445 0.077524
s 1
usemtl default
f 681/739/594 859/740/595 686/741/596 684/742/597
f 859/740/595 677/743/598 857/744/599 686/741/596
f 767/745/600 745/746/601 750/747/602 737/748/603
f 677/743/598 685/749/604 861/750/605 857/744/599
f 685/749/604 623/751/606 865/752/607 861/750/605
f 777/753/608 633/754/609 630/755/610 634/756/611
f 623/751/606 621/757/612 597/758/613 865/752/607
f 621/757/612 619/759/614 618/760/615 597/758/613
f 865/752/607 617/761/616 616/762/617
f 597/758/613 617/761/616 865/752/607
f 597/758/613 658/763/618 617/761/616
f 618/760/615 658/763/618 597/758/613
f 619/764/614 625/765/619 620/766/620 618/767/615
f 625/765/619 863/768/621 622/769/622 620/766/620
f 863/768/621 687/770/623 676/771/624 622/769/622
f 687/770/623 683/772/625 678/773/626 676/771/624
f 683/772/625 679/774/627 680/775/628 678/773/626
f 679/774/627 867/776/629 682/777/630 680/775/628
f 867/776/629 681/739/594 684/742/597 682/777/630
f 696/778/631 764/779/632 756/780/633
f 637/781/634 745/746/601 767/745/600
f 775/782/635 645/783/636 790/784/637 789/785/638
f 715/786/639 639/787/640 770/788/641 710/789/642
f 707/790/643 765/791/644 665/792/645 718/793/646
f 710/789/642 770/788/641 724/794/647 629/795/648
f 707/796/643 634/756/611 630/755/610 627/797/649
f 627/797/649 630/755/610 713/798/650
f 705/799/651 632/800/652 634/756/611 718/801/646
f 713/798/650 630/755/610 633/754/609 629/802/648
f 702/803/653 631/804/654 632/800/652 704/805/655
f 645/783/636 646/806/656 791/807/657 790/784/637
f 643/808/658 722/809/659 641/810/660 636/811/661
f 722/809/659 723/812/662 644/813/663 641/810/660
f 646/806/656 647/814/664 792/815/665 791/807/657
f 647/814/664 648/816/666 793/817/667 792/815/665
f 648/816/666 649/818/668 794/819/669 793/817/667
f 723/812/662 725/820/670 650/821/671 644/813/663
f 725/820/670 726/822/672 698/823/673 650/821/671
f 649/818/668 651/824/674 795/825/675 794/819/669
f 726/822/672 727/826/676 708/827/677 698/823/673
f 651/824/674 691/828/678 796/829/679 795/825/675
f 727/826/676 728/830/680 716/831/681 708/827/677
f 728/830/680 729/832/682 719/833/683 716/831/681
f 729/832/682 730/834/684 720/835/685 719/833/683
f 730/834/684 731/836/686 733/837/687 720/835/685
f 691/828/678 693/838/688 797/839/689 796/829/679
f 731/836/686 734/840/690 736/841/691 733/837/687
f 734/840/690 666/842/692 771/843/693 736/841/691
f 693/838/688 694/844/694 798/845/695 797/839/689
f 666/842/692 667/846/696 775/782/635 771/843/693
f 694/844/694 697/847/697 799/848/698 798/845/695
f 697/847/697 739/849/699 800/850/700 799/848/698
f 667/846/696 668/851/701 645/783/636 775/782/635
f 739/849/699 741/852/702 801/853/703 800/850/700
f 668/851/701 669/854/704 646/806/656 645/783/636
f 741/852/702 642/855/705 802/856/706 801/853/703
f 642/855/705 636/857/661 776/858/707 802/856/706
f 627/859/649 712/860/708 765/791/644 707/790/643
f 669/854/704 670/861/709 647/814/664 646/806/656
f 670/861/709 671/862/710 648/816/666 647/814/664
f 713/863/650 599/864/711 712/860/708 627/859/649
f 718/793/646 665/792/645 762/865/712 705/866/651
f 629/795/648 724/794/647 599/864/711 713/863/650
f 702/867/653 758/868/713 738/869/714
f 704/870/655 760/871/715 758/872/713 702/873/653
f 702/867/653 738/869/714 717/874/716 628/875/717
f 628/875/717 717/874/716 709/876/718 715/786/639
f 705/866/651 762/865/712 760/871/715 704/870/655
f 715/786/639 709/876/718 639/787/640
f 658/877/618 659/878/719 604/879/720 603/880/721
f 659/878/719 605/881/722 604/879/720
f 659/878/719 660/882/723 606/883/724 605/881/722
f 660/882/723 607/884/725 606/883/724
f 660/882/723 661/885/726 608/886/727 607/884/725
f 661/885/726 609/887/728 608/886/727
f 661/885/726 662/888/729 610/889/730 609/887/728
f 662/888/729 611/890/731 610/889/730
f 662/888/729 663/891/732 624/892/733 611/890/731
f 663/891/732 652/893/734 624/892/733
f 663/891/732 664/894/735 672/895/736 652/893/734
f 664/894/735 673/896/737 672/895/736
f 680/775/628 664/894/735 663/891/732
f 682/777/630 664/894/735 680/775/628
f 682/777/630 612/897/738 664/894/735
f 684/742/597 612/897/738 682/777/630
f 684/742/597 613/898/739 612/897/738
f 686/741/596 613/898/739 684/742/597
f 686/741/596 614/899/740 613/898/739
f 857/744/599 614/899/740 686/741/596
f 857/744/599 615/900/741 614/899/740
f 861/750/605 615/900/741 857/744/599
f 861/750/605 616/762/617 615/900/741
f 865/752/607 616/762/617 861/750/605
f 631/804/654 777/753/608 634/756/611 632/800/652
f 699/901/742 743/902/743 755/903/744
f 745/746/601 701/904/745 742/905/746 750/747/602
f 701/904/745 696/778/631 756/780/633 742/905/746
f 695/906/747 751/907/748 753/908/749
f 677/743/598 859/740/595 749/909/750 755/910/744
f 859/740/595 681/739/594 740/911/751 749/909/750
f 623/751/606 685/749/604 743/912/743 753/913/749
f 681/739/594 867/776/629 764/914/632 740/911/751
f 619/764/614 737/915/603 625/765/619
f 619/759/614 621/757/612 751/916/748 737/917/603
f 671/862/710 674/918/752 649/818/668 648/816/666
f 617/761/616 658/763/618 657/919/753 656/920/754
f 674/918/752 675/921/755 651/824/674 649/818/668
f 658/763/618 603/922/721 657/919/753
f 675/921/755 688/923/756 691/828/678 651/824/674
f 618/767/615 659/878/719 658/877/618
f 688/923/756 689/924/757 693/838/688 691/828/678
f 620/766/620 659/878/719 618/767/615
f 689/924/757 690/925/758 694/844/694 693/838/688
f 620/766/620 660/882/723 659/878/719
f 690/925/758 692/926/759 697/847/697 694/844/694
f 622/769/622 660/882/723 620/766/620
f 692/926/759 600/927/760 739/849/699 697/847/697
f 622/769/622 661/885/726 660/882/723
f 600/927/760 601/928/761 741/852/702 739/849/699
f 676/771/624 661/885/726 622/769/622
f 601/928/761 602/929/762 642/855/705 741/852/702
f 676/771/624 662/888/729 661/885/726
f 602/929/762 643/930/658 636/857/661 642/855/705
f 678/773/626 662/888/729 676/771/624
f 603/880/721 604/879/720 722/809/659 643/808/658
f 678/773/626 663/891/732 662/888/729
f 604/879/720 605/881/722 723/812/662 722/809/659
f 680/775/628 663/891/732 678/773/626
f 863/768/621 625/765/619 737/915/603 750/931/602
f 687/770/623 863/768/621 750/931/602 742/932/746
f 621/757/612 623/751/606 753/913/749 751/916/748
f 687/770/623 742/932/746 683/772/625
f 679/774/627 683/772/625 742/932/746 756/933/633
f 685/749/604 677/743/598 755/910/744 743/912/743
f 867/776/629 679/774/627 756/933/633 764/914/632
f 766/934/763 699/901/742 755/903/744 749/935/750
f 766/934/763 749/935/750 740/936/751
f 699/901/742 695/906/747 753/908/749 743/902/743
f 696/778/631 766/934/763 740/936/751 764/779/632
f 695/906/747 767/745/600 737/748/603 751/907/748
f 605/881/722 606/883/724 725/820/670 723/812/662
f 664/894/735 612/897/738 700/937/764 673/896/737
f 606/883/724 607/884/725 726/822/672 725/820/670
f 612/897/738 732/938/765 700/937/764
f 607/884/725 608/886/727 727/826/676 726/822/672
f 612/897/738 613/898/739 744/939/766 732/938/765
f 608/886/727 609/887/728 728/830/680 727/826/676
f 613/898/739 746/940/767 744/939/766
f 609/887/728 610/889/730 729/832/682 728/830/680
f 613/898/739 614/899/740 748/941/768 746/940/767
f 610/889/730 611/890/731 730/834/684 729/832/682
f 614/899/740 768/942/769 748/941/768
f 611/890/731 624/892/733 731/836/686 730/834/684
f 614/899/740 615/900/741 773/943/770 768/942/769
f 624/892/733 652/893/734 734/840/690 731/836/686
f 615/900/741 774/944/771 773/943/770
f 652/893/734 672/895/736 666/842/692 734/840/690
f 615/900/741 616/762/617 653/945/772 774/944/771
f 672/895/736 673/896/737 667/846/696 666/842/692
f 616/762/617 654/946/773 653/945/772
f 673/896/737 700/937/764 668/851/701 667/846/696
f 616/762/617 617/761/616 655/947/774 654/946/773
f 700/937/764 732/938/765 669/854/704 668/851/701
f 617/761/616 656/920/754 655/947/774
f 732/938/765 744/939/766 670/861/709 669/854/704
f 744/939/766 746/940/767 671/862/710 670/861/709
f 746/940/767 748/941/768 674/918/752 671/862/710
f 748/941/768 768/942/769 675/921/755 674/918/752
f 768/942/769 773/943/770 688/923/756 675/921/755
f 773/943/770 774/944/771 689/924/757 688/923/756
f 774/944/771 653/945/772 690/925/758 689/924/757
f 653/945/772 654/946/773 692/926/759 690/925/758
f 654/946/773 655/947/774 600/927/760 692/926/759
f 655/947/774 656/920/754 601/928/761 600/927/760
f 656/920/754 657/919/753 602/929/762 601/928/761
f 657/919/753 603/922/721 643/930/658 602/929/762
f 778/948/775 804/949/776 803/950/777 776/951/707
f 779/952/778 805/953/779 804/949/776 778/948/775
f 780/954/780 806/955/781 805/953/779 779/952/778
f 781/956/782 807/957/783 806/955/781 780/954/780
f 782/958/784 808/959/785 807/957/783 781/956/782
f 783/960/786 809/961/787 808/959/785 782/958/784
f 784/962/788 810/963/789 809/961/787 783/960/786
f 785/964/790 811/965/791 810/963/789 784/962/788
f 786/966/792 812/967/793 811/965/791 785/964/790
f 787/968/794 813/969/795 812/967/793 786/966/792
f 788/970/796 814/971/797 813/969/795 787/968/794
f 789/785/638 815/972/798 814/971/797 788/970/796
f 790/784/637 816/973/799 815/972/798 789/785/638
f 791/807/657 817/974/800 816/973/799 790/784/637
f 792/815/665 818/975/801 817/974/800 791/807/657
f 793/817/667 819/976/802 818/975/801 792/815/665
f 794/819/669 820/977/803 819/976/802 793/817/667
f 795/825/675 821/978/804 820/977/803 794/819/669
f 796/829/679 822/979/805 821/978/804 795/825/675
f 797/839/689 823/980/806 822/979/805 796/829/679
f 798/845/695 824/981/807 823/980/806 797/839/689
f 799/848/698 825/982/808 824/981/807 798/845/695
f 800/850/700 826/983/809 825/982/808 799/848/698
f 801/853/703 827/984/810 826/983/809 800/850/700
f 802/856/706 828/985/811 827/984/810 801/853/703
f 776/858/707 803/986/777 828/985/811 802/856/706
f 804/949/776 830/987/812 829/988/813 803/950/777
f 805/953/779 831/989/814 830/987/812 804/949/776
f 806/955/781 832/990/815 831/989/814 805/953/779
f 807/957/783 833/991/816 832/990/815 806/955/781
f 808/959/785 834/992/817 833/991/816 807/957/783
f 809/961/787 835/993/818 834/992/817 808/959/785
f 810/963/789 836/994/819 835/993/818 809/961/787
f 811/965/791 837/995/820 836/994/819 810/963/789
f 812/967/793 838/996/821 837/995/820 811/965/791
f 813/969/795 839/997/822 838/996/821 812/967/793
f 814/971/797 840/998/823 839/997/822 813/969/795
f 815/972/798 841/999/824 840/998/823 814/971/797
f 816/973/799 842/1000/825 841/999/824 815/972/798
f 817/974/800 843/1001/826 842/1000/825 816/973/799
f 818/975/801 844/1002/827 843/1001/826 817/974/800
f 819/976/802 845/1003/828 844/1002/827 818/975/801
f 820/977/803 846/1004/829 845/1003/828 819/976/802
f 821/978/804 847/1005/830 846/1004/829 820/977/803
f 822/979/805 848/1006/831 847/1005/830 821/978/804
f 823/980/806 849/1007/832 848/1006/831 822/979/805
f 824/981/807 850/1008/833 849/1007/832 823/980/806
f 825/982/808 851/1009/834 850/1008/833 824/981/807
f 826/983/809 852/1010/835 851/1009/834 825/982/808
f 827/984/810 853/1011/836 852/1010/835 826/983/809
f 828/985/811 854/1012/837 853/1011/836 827/984/810
f 803/986/777 829/1013/813 854/1012/837 828/985/811
f 830/987/812 856/1014/838 855/1015/839 829/988/813
f 831/989/814 856/1014/838 830/987/812
f 832/990/815 858/1016/840 856/1014/838 831/989/814
f 833/991/816 858/1016/840 832/990/815
f 834/992/817 860/1017/841 858/1016/840 833/991/816
f 835/993/818 860/1017/841 834/992/817
f 836/994/819 862/1018/842 860/1017/841 835/993/818
f 837/995/820 862/1018/842 836/994/819
f 838/996/821 864/1019/843 862/1018/842 837/995/820
f 839/997/822 864/1019/843 838/996/821
f 840/998/823 866/1020/844 864/1019/843 839/997/822
f 841/999/824 866/1020/844 840/998/823
f 842/1000/825 596/1021/845 866/1020/844 841/999/824
f 843/1001/826 596/1021/845 842/1000/825
f 844/1002/827 598/1022/846 596/1021/845 843/1001/826
f 845/1003/828 598/1022/846 844/1002/827
f 846/1004/829 703/1023/847 598/1022/846 845/1003/828
f 847/1005/830 703/1023/847 846/1004/829
f 848/1006/831 747/1024/848 703/1023/847 847/1005/830
f 849/1007/832 747/1024/848 848/1006/831
f 850/1008/833 752/1025/849 747/1024/848 849/1007/832
f 851/1009/834 752/1025/849 850/1008/833
f 852/1010/835 754/1026/850 752/1025/849 851/1009/834
f 853/1011/836 754/1026/850 852/1010/835
f 854/1012/837 855/1027/839 754/1026/850 853/1011/836
f 829/1013/813 855/1027/839 854/1012/837
f 856/1014/838 757/1028/851 855/1015/839
f 856/1014/838 759/1029/852 757/1028/851
f 858/1016/840 759/1029/852 856/1014/838
f 858/1016/840 761/1030/853 759/1029/852
f 860/1017/841 761/1030/853 858/1016/840
f 860/1017/841 763/1031/854 761/1030/853
f 862/1018/842 763/1031/854 860/1017/841
f 862/1018/842 769/1032/855 763/1031/854
f 864/1019/843 769/1032/855 862/1018/842
f 864/1019/843 772/1033/856 769/1032/855
f 866/1020/844 772/1033/856 864/1019/843
f 866/1020/844 638/1034/857 772/1033/856
f 596/1021/845 638/1034/857 866/1020/844
f 596/1021/845 640/1035/858 638/1034/857
f 598/1022/846 640/1035/858 596/1021/845
f 598/1022/846 706/1036/859 640/1035/858
f 703/1023/847 706/1036/859 598/1022/846
f 703/1023/847 711/1037/860 706/1036/859
f 747/1024/848 711/1037/860 703/1023/847
f 747/1024/848 714/1038/861 711/1037/860
f 752/1025/849 714/1038/861 747/1024/848
f 752/1025/849 721/1039/862 714/1038/861
f 754/1026/850 721/1039/862 752/1025/849
f 754/1026/850 735/1040/863 721/1039/862
f 855/1027/839 735/1040/863 754/1026/850
f 855/1027/839 757/1041/851 735/1040/863
f 759/1029/852 738/869/714 758/868/713 757/1028/851
f 761/1030/853 717/874/716 738/869/714 759/1029/852
f 763/1031/854 709/876/718 717/874/716 761/1030/853
f 769/1032/855 639/787/640 709/876/718 763/1031/854
f 772/1033/856 770/788/641 639/787/640 769/1032/855
f 766/934/763 696/778/631 637/781/634 699/901/742
f 638/1034/857 724/794/647 770/788/641 772/1033/856
f 640/1035/858 599/864/711 724/794/647 638/1034/857
f 706/1036/859 712/860/708 599/864/711 640/1035/858
f 711/1037/860 765/791/644 712/860/708 706/1036/859
f 628/1042/717 626/1043/864 631/804/654 702/803/653
f 714/1038/861 665/792/645 765/791/644 711/1037/860
f 721/1039/862 762/865/712 665/792/645 714/1038/861
f 637/781/634 767/745/600 695/906/747 699/901/742
f 735/1040/863 760/871/715 762/865/712 721/1039/862
f 757/1041/851 758/872/713 760/871/715 735/1040/863
f 629/802/648 633/754/609 710/1044/642
f 626/1043/864 777/753/608 631/804/654
f 637/781/634 696/778/631 701/904/745 745/746/601
f 718/801/646 634/756/611 707/796/643
f 715/1045/639 635/1046/865 626/1043/864 628/1042/717
f 710/1044/642 633/754/609 635/1046/865 715/1045/639
f 704/805/655 632/800/652 705/799/651
f 636/811/661 641/810/660 778/948/775 776/951/707
f 641/810/660 644/813/663 779/952/778 778/948/775
f 644/813/663 650/821/671 780/954/780 779/952/778
f 650/821/671 698/823/673 781/956/782 780/954/780
f 698/823/673 708/827/677 782/958/784 781/956/782
f 708/827/677 716/831/681 783/960/786 782/958/784
f 716/831/681 719/833/683 784/962/788 783/960/786
f 719/833/683 720/835/685 785/964/790 784/962/788
f 720/835/685 733/837/687 786/966/792 785/964/790
f 733/837/687 736/841/691 787/968/794 786/966/792
f 736/841/691 771/843/693 788/970/796 787/968/794
f 771/843/693 775/782/635 789/785/638 788/970/796
f 633/754/609 777/753/608 626/1043/864 635/1046/865
